N,P,K,temperature,humidity,ph,rainfall,label
89,28,53,28.66,93.08,6.71,23.92,muskmelon
92,17,52,25.62,88.43,7.14,41.17,watermelon
35,68,47,35.87,94.93,7.38,240.88,papaya
56,46,45,25.72,91.26,6.93,142.36,papaya
17,138,203,23.84,93.04,5.88,123.1,apple
20,33,27,29.92,48.34,4.58,93.09,mango
27,137,198,21.97,94.17,6.64,108.23,apple
0,53,22,28.98,64.75,5.37,45.3,mothbeans
27,58,25,29.16,82.87,7.32,36.23,mungbean
21,72,22,25.54,62.66,6.08,44.11,lentil
38,65,24,27.44,69.67,7.94,63.71,blackgram
38,20,32,28.81,92.63,5.61,130.18,coconut
36,13,38,21.58,94.41,5.6,105.28,pomegranate
72,49,37,26.27,72.21,7.66,180.14,jute
25,15,32,29.98,99.38,5.51,214.12,coconut
38,11,38,19.29,90.77,5.81,105.34,pomegranate
17,125,204,21.59,90.13,5.53,115.56,apple
65,52,19,19.8,64.83,5.6,89.1,maize
62,59,51,42.54,92.14,6.83,245.22,papaya
90,23,54,27.71,94.54,6.46,29.76,muskmelon
111,19,26,26.75,56.1,7.9,175.72,coffee
65,66,47,36.11,90.36,7.34,76.65,papaya
9,7,11,28.91,90.55,7.68,111.11,orange
57,69,50,42.19,94.84,7.35,105.05,papaya
40,58,80,18.82,19.07,6.29,79.65,chickpea
79,54,44,26.86,76.49,7.6,160.53,jute
26,56,15,28.49,86.89,6.38,42.69,mungbean
24,25,13,16.56,91.23,7.93,100.16,orange
40,63,22,32.52,64.32,7.49,116.56,pigeonpeas
96,50,35,20.71,83.32,5.02,174.12,rice
31,16,40,23.45,88.82,6.39,105.64,pomegranate
11,47,16,27.68,47.66,8.43,32.56,mothbeans
74,43,45,25.09,72.81,6.44,174.1,jute
15,58,21,19.46,69.86,7.56,42.8,lentil
62,36,39,23.25,85.78,7.06,151.45,jute
45,57,16,25.49,62.57,6.7,63.9,blackgram
82,39,41,25.59,77.8,7.0,193.78,jute
24,70,80,19.57,14.39,7.74,81.84,chickpea
30,76,75,20.61,16.77,7.91,84.78,chickpea
28,63,20,23.22,21.21,5.68,104.48,kidneybeans
64,50,46,38.52,91.06,6.89,53.47,papaya
18,17,33,28.13,54.03,7.09,94.57,mango
58,68,20,27.79,69.59,6.71,68.7,blackgram
91,38,23,22.87,74.26,6.01,91.63,maize
2,59,22,28.89,82.71,6.37,58.55,mungbean
61,37,19,19.19,66.35,6.53,100.03,maize
17,56,16,31.78,30.0,5.75,147.48,pigeonpeas
12,29,33,28.3,95.18,5.92,222.95,coconut
89,17,48,27.8,94.83,6.24,27.87,muskmelon
89,53,21,24.25,65.85,5.88,77.28,maize
28,75,22,25.64,63.87,6.92,64.57,blackgram
114,37,30,25.57,66.72,7.48,137.54,coffee
23,122,204,20.41,84.56,6.67,72.55,grapes
1,60,16,29.44,82.8,6.2,46.0,mungbean
117,38,35,23.63,53.21,7.35,161.02,coffee
5,75,18,23.77,24.61,5.57,101.64,kidneybeans
129,40,16,23.11,77.49,6.09,67.71,cotton
0,138,198,23.36,91.69,6.73,103.27,apple
98,71,50,26.69,79.73,6.42,116.06,banana
27,64,19,25.57,65.83,7.83,62.28,blackgram
85,7,51,25.6,82.66,7.35,58.55,watermelon
11,20,28,25.28,90.03,5.75,205.26,coconut
6,58,19,27.55,61.41,6.26,47.87,lentil
11,19,13,33.2,91.31,6.67,109.29,orange
49,70,49,35.69,90.27,7.34,176.12,papaya
9,56,15,21.15,64.67,5.35,194.55,pigeonpeas
32,24,14,10.37,94.05,7.88,115.79,orange
63,48,39,26.88,80.56,6.19,295.42,rice
112,10,48,28.54,91.65,7.29,24.74,muskmelon
37,72,22,33.51,40.96,6.92,111.48,pigeonpeas
105,30,50,27.34,94.14,6.38,27.77,muskmelon
20,15,31,25.28,95.06,7.68,150.28,coconut
66,54,42,25.26,79.36,7.78,188.33,jute
80,76,47,26.25,83.06,5.92,95.75,banana
35,78,18,28.32,67.01,7.65,73.94,blackgram
43,68,48,43.77,93.35,6.96,168.81,papaya
105,85,50,28.2,77.59,5.63,93.58,banana
130,59,23,25.85,82.07,5.7,76.08,cotton
107,18,53,25.26,81.94,6.43,50.1,watermelon
24,22,8,22.04,90.22,7.64,119.8,orange
100,29,28,23.36,68.87,7.55,186.3,coffee
45,63,81,19.11,16.56,6.39,91.6,chickpea
77,58,44,20.32,80.13,6.13,271.58,rice
4,44,19,29.41,56.45,3.92,47.79,mothbeans
19,29,14,29.49,93.01,6.91,107.12,orange
2,19,33,28.19,47.33,5.86,95.21,mango
82,38,31,26.5,60.5,7.67,117.82,coffee
37,58,21,29.04,50.08,8.01,53.91,mothbeans
55,60,24,27.19,63.26,7.63,65.91,blackgram
31,5,38,22.4,87.75,7.32,109.51,pomegranate
81,36,18,19.21,56.27,6.98,76.12,maize
23,55,16,28.65,52.64,4.36,58.08,mothbeans
132,40,23,23.6,76.89,7.4,63.64,cotton
44,48,47,33.51,93.97,6.65,178.54,papaya
40,76,23,22.48,53.07,4.7,100.44,pigeonpeas
39,52,23,26.59,56.91,7.07,57.14,mothbeans
11,79,21,18.47,22.06,5.57,99.96,kidneybeans
95,33,30,26.69,68.15,7.84,160.48,coffee
44,59,19,31.17,69.7,7.59,73.84,blackgram
23,74,22,20.47,63.52,6.25,37.6,lentil
2,8,27,27.52,98.49,6.09,218.84,coconut
78,51,38,21.32,82.32,6.06,237.55,rice
20,13,8,11.68,94.48,7.38,102.43,orange
100,26,54,27.51,90.68,6.95,23.01,muskmelon
113,26,47,26.1,82.91,6.45,45.93,watermelon
20,79,19,24.84,22.68,5.82,74.94,kidneybeans
81,13,51,24.03,80.33,7.28,53.68,watermelon
100,85,48,29.92,81.67,5.57,99.8,banana
11,70,18,30.86,60.36,4.81,146.52,pigeonpeas
29,50,17,24.21,47.11,6.16,57.77,mothbeans
82,75,53,28.83,78.51,6.07,106.01,banana
67,44,43,23.12,83.46,7.63,196.61,jute
116,40,16,25.09,77.5,7.02,87.51,cotton
3,28,41,22.67,94.12,6.19,109.32,pomegranate
25,61,22,25.7,47.7,6.45,192.99,pigeonpeas
28,69,80,20.89,17.65,7.05,68.42,chickpea
90,36,21,24.86,72.54,6.01,101.06,maize
8,12,34,27.86,94.55,5.87,172.72,coconut
2,25,43,23.59,90.08,5.97,112.68,pomegranate
99,35,45,20.3,84.46,6.58,298.94,rice
11,60,18,22.35,38.6,5.77,189.86,pigeonpeas
26,136,201,8.39,83.48,6.06,74.43,grapes
41,63,20,26.98,68.05,6.78,61.27,blackgram
8,10,28,26.52,93.6,6.55,139.39,coconut
34,63,75,17.1,18.99,6.82,80.54,chickpea
52,74,16,31.44,68.34,7.37,69.7,blackgram
37,10,33,25.12,93.75,5.78,163.49,coconut
65,49,18,22.99,68.03,6.74,70.32,maize
111,76,53,28.52,84.46,6.11,109.86,banana
14,37,20,31.37,41.0,5.25,39.34,mothbeans
96,86,52,28.56,75.52,6.79,103.75,banana
39,78,22,20.33,24.09,5.57,131.15,kidneybeans
19,6,35,23.02,90.38,6.52,103.65,pomegranate
34,79,81,20.29,14.8,8.59,92.68,chickpea
36,14,35,25.02,90.28,7.56,148.95,coconut
2,29,6,27.71,90.34,6.22,110.18,orange
23,66,21,27.3,60.35,5.35,128.84,pigeonpeas
97,77,54,25.2,84.14,6.75,98.93,banana
109,87,46,28.6,80.0,6.84,117.6,banana
25,135,198,23.73,91.52,6.17,113.59,apple
33,79,23,15.02,22.45,5.53,83.18,kidneybeans
113,8,46,28.28,90.49,6.93,21.44,muskmelon
18,36,23,29.48,85.88,6.53,54.99,mungbean
38,55,25,26.08,64.24,6.09,45.64,mothbeans
33,21,33,29.72,92.73,5.92,175.98,coconut
60,38,24,25.87,66.95,6.4,93.25,maize
21,138,198,21.36,92.78,5.99,111.06,apple
36,29,25,27.32,90.25,7.77,179.25,coconut
28,58,18,18.59,23.63,5.64,78.96,kidneybeans
24,46,17,24.93,53.67,8.91,45.48,mothbeans
14,38,19,27.49,87.34,6.31,36.46,mungbean
18,67,16,26.21,65.03,7.53,44.71,lentil
95,29,53,26.56,81.72,6.41,45.71,watermelon
17,58,18,27.16,82.04,6.63,40.49,mungbean
36,79,24,25.55,61.21,5.93,144.73,pigeonpeas
32,62,22,22.75,67.56,6.41,125.7,pigeonpeas
20,60,16,30.53,45.31,6.97,162.55,pigeonpeas
33,63,17,22.12,23.78,5.55,81.59,kidneybeans
72,57,15,18.77,59.16,5.54,69.07,maize
90,56,44,25.43,87.21,6.03,155.36,jute
22,65,78,19.92,19.89,6.77,84.63,chickpea
25,130,198,23.58,93.5,6.32,115.24,apple
20,18,14,21.56,91.4,6.46,117.49,orange
120,38,17,23.92,83.88,6.92,87.26,cotton
83,59,41,22.72,83.22,6.37,231.84,rice
34,24,26,28.11,92.35,6.89,220.9,coconut
13,140,202,32.65,83.49,5.97,66.0,grapes
6,71,17,28.47,66.13,6.31,54.25,lentil
91,17,50,26.85,89.99,6.35,54.54,watermelon
28,133,204,17.82,80.43,6.9,68.78,grapes
21,129,200,30.28,82.09,6.57,73.61,grapes
38,72,22,34.95,62.88,7.31,68.0,blackgram
6,19,44,18.03,87.38,7.38,102.57,pomegranate
31,63,83,19.16,15.87,7.83,86.48,chickpea
15,8,30,29.37,98.87,5.53,214.2,coconut
94,47,17,25.84,63.91,6.27,77.96,maize
37,75,20,26.62,65.86,6.98,38.85,lentil
3,138,203,17.84,83.32,6.14,73.89,grapes
93,22,52,26.11,84.93,7.37,49.78,watermelon
73,57,43,26.81,85.8,7.32,192.83,jute
85,25,27,25.08,57.69,7.48,180.81,coffee
120,30,29,27.18,64.6,7.5,131.67,coffee
37,65,24,18.21,21.34,5.61,117.64,kidneybeans
86,37,37,24.9,83.07,6.29,159.26,jute
34,59,24,29.91,46.94,5.19,73.35,mothbeans
9,68,16,18.85,21.41,5.83,145.55,kidneybeans
103,71,46,28.11,77.08,6.26,106.35,banana
33,55,19,18.37,18.14,5.56,97.23,kidneybeans
14,12,27,28.96,99.55,6.53,220.48,coconut
47,69,46,35.33,91.0,7.29,204.58,papaya
50,56,47,38.87,92.26,7.46,94.77,papaya
7,42,17,27.74,83.06,6.83,49.7,mungbean
22,24,26,32.3,50.25,5.11,94.42,mango
24,14,43,21.66,86.17,5.76,108.05,pomegranate
83,15,45,24.99,85.37,7.37,56.93,watermelon
39,70,19,21.48,18.86,5.94,105.28,kidneybeans
81,53,16,18.54,59.94,5.74,103.59,maize
23,124,200,23.49,90.08,5.91,100.06,apple
52,61,16,28.17,62.67,7.26,71.67,blackgram
21,57,85,18.18,18.62,7.87,76.46,chickpea
17,139,195,12.18,81.02,6.1,73.46,grapes
11,141,205,24.79,80.05,5.71,68.22,grapes
90,72,52,27.86,79.05,6.05,96.5,banana
118,41,15,24.24,80.91,7.93,74.46,cotton
94,53,40,20.68,82.46,6.42,175.98,rice
30,9,37,21.22,87.86,5.99,109.68,pomegranate
3,35,22,28.93,84.11,6.73,45.39,mungbean
103,75,54,29.71,80.18,6.03,97.02,banana
76,52,41,25.13,85.37,7.52,180.89,jute
13,45,17,27.29,81.79,7.2,51.94,mungbean
61,52,17,26.65,57.97,6.12,64.27,maize
32,79,78,18.72,19.24,8.53,70.58,chickpea
50,75,79,20.27,14.72,7.63,65.17,chickpea
46,69,82,18.86,14.36,7.69,93.73,chickpea
8,130,204,21.74,93.34,6.61,111.2,apple
75,54,38,26.52,84.29,6.29,262.63,rice
36,64,17,15.25,22.52,5.82,90.65,kidneybeans
67,47,46,23.7,90.52,6.71,243.72,papaya
115,34,26,27.45,59.44,7.49,126.9,coffee
29,67,18,26.82,65.04,6.98,63.87,blackgram
38,55,25,21.77,23.8,5.65,61.29,kidneybeans
23,24,29,30.71,52.28,5.85,99.28,mango
21,34,30,30.8,48.98,4.58,93.03,mango
28,29,35,26.17,91.0,5.87,196.69,coconut
34,53,49,36.07,90.79,7.36,133.98,papaya
33,129,201,21.46,90.33,5.82,103.2,apple
34,72,83,20.71,15.41,7.2,69.57,chickpea
20,28,44,19.1,88.67,6.74,102.39,pomegranate
24,71,83,18.52,18.65,8.89,71.11,chickpea
89,18,47,27.92,91.61,6.24,22.05,muskmelon
24,129,200,22.79,92.36,6.55,110.84,apple
96,21,53,29.35,92.6,7.29,23.91,muskmelon
81,18,50,28.58,94.87,7.37,21.62,muskmelon
30,15,31,30.42,50.07,6.19,92.76,mango
9,30,34,34.18,54.21,7.44,89.13,mango
123,43,23,22.74,79.65,5.53,79.27,cotton
30,25,31,27.44,91.14,5.71,162.26,coconut
37,18,36,21.7,86.27,6.68,107.24,pomegranate
92,42,39,20.55,80.13,7.89,275.4,rice
110,22,47,28.48,93.96,6.71,25.37,muskmelon
111,38,27,26.13,57.84,7.98,155.7,coffee
49,56,45,42.46,93.02,6.7,233.12,papaya
16,48,17,28.58,60.14,8.06,36.93,mothbeans
90,46,18,21.34,74.75,5.56,103.35,maize
9,27,31,32.69,47.57,7.35,91.04,mango
113,15,51,29.16,91.21,6.25,29.72,muskmelon
35,73,15,22.47,38.58,5.31,117.23,pigeonpeas
14,60,22,29.85,81.43,6.57,48.87,mungbean
117,27,26,25.29,57.52,7.16,152.29,coffee
4,140,195,30.4,81.36,6.81,69.85,grapes
35,18,28,26.04,98.0,7.06,174.47,coconut
115,43,21,22.66,83.46,7.53,79.06,cotton
17,74,16,23.0,41.05,5.8,197.84,pigeonpeas
85,50,44,20.32,81.4,7.85,283.54,rice
13,130,201,23.16,91.96,6.86,114.0,apple
36,25,35,20.24,89.22,5.96,102.99,pomegranate
91,27,26,26.53,57.87,6.55,115.29,coffee
55,71,80,18.3,16.0,8.01,94.82,chickpea
112,42,18,25.54,82.24,7.17,91.95,cotton
76,37,39,23.16,86.7,6.42,166.42,jute
6,33,32,27.22,49.12,5.5,97.03,mango
91,91,50,27.31,78.14,6.37,111.9,banana
32,50,46,29.07,93.14,7.07,168.55,papaya
31,129,202,21.31,93.95,6.3,107.31,apple
52,75,78,17.32,16.42,6.52,85.85,chickpea
70,38,41,22.02,82.91,5.46,222.17,rice
22,62,18,24.35,54.85,5.5,170.6,pigeonpeas
22,41,20,29.85,63.95,4.82,69.88,mothbeans
22,37,16,27.32,85.86,6.82,40.84,mungbean
96,54,39,23.74,88.83,7.06,192.62,jute
17,17,37,18.22,94.47,5.98,103.6,pomegranate
36,136,204,24.5,82.71,6.88,74.0,grapes
15,52,16,28.57,44.63,5.17,39.84,mothbeans
76,46,45,25.78,84.38,7.13,198.73,jute
94,59,19,20.44,67.88,6.11,61.27,maize
33,17,32,27.17,95.59,5.65,196.15,coconut
68,39,16,23.73,69.13,5.55,106.81,maize
51,56,76,18.86,19.46,7.62,79.93,chickpea
92,87,52,26.43,79.6,5.79,96.31,banana
80,35,40,20.39,80.59,5.35,247.38,rice
27,20,30,25.93,98.95,6.12,138.67,coconut
91,42,39,25.1,72.7,6.05,157.64,jute
13,21,30,34.41,46.03,7.33,98.54,mango
81,27,47,29.19,94.06,7.29,29.92,muskmelon
31,135,201,23.27,90.59,6.75,117.64,apple
91,93,48,27.76,75.51,5.57,111.61,banana
28,75,20,35.41,32.07,6.01,169.03,pigeonpeas
54,65,16,29.02,66.74,7.18,71.23,blackgram
39,7,14,30.35,91.57,7.95,105.76,orange
31,65,76,17.72,18.09,6.54,80.75,chickpea
102,11,48,24.12,83.05,7.12,40.95,watermelon
104,84,50,27.52,76.76,6.72,106.25,banana
3,144,195,23.26,92.63,6.05,101.65,apple
33,64,79,19.78,16.33,7.35,72.13,chickpea
84,24,28,27.58,67.05,7.16,159.23,coffee
2,64,24,29.55,56.86,6.4,111.89,pigeonpeas
33,8,13,20.35,91.27,7.74,108.64,orange
26,132,201,22.63,93.7,6.56,113.35,apple
30,9,29,25.14,91.37,5.93,135.17,coconut
37,67,52,36.85,92.03,6.76,245.68,papaya
99,21,54,25.18,89.62,6.62,52.02,watermelon
1,56,20,30.2,45.86,5.57,31.35,mothbeans
35,52,52,35.88,92.66,7.18,173.85,papaya
43,73,84,18.62,15.96,8.0,89.24,chickpea
34,23,40,21.64,94.75,7.43,103.23,pomegranate
41,62,83,19.31,17.81,8.39,76.88,chickpea
38,57,53,33.2,91.68,6.58,155.56,papaya
33,64,16,22.11,69.81,7.26,43.32,lentil
36,141,196,21.32,92.48,6.41,106.87,apple
26,26,39,18.51,87.74,7.46,108.94,pomegranate
48,58,81,18.03,19.78,7.45,89.18,chickpea
39,34,33,27.3,49.68,6.44,98.96,mango
38,70,80,20.68,16.98,8.98,90.54,chickpea
2,21,38,18.37,87.31,7.1,112.77,pomegranate
102,10,54,24.77,82.26,6.72,49.98,watermelon
25,67,19,24.94,24.16,5.81,111.24,kidneybeans
33,55,24,27.18,86.92,6.21,45.4,mungbean
118,22,51,28.38,91.82,6.53,26.36,muskmelon
100,8,52,25.19,82.63,6.56,49.96,watermelon
33,70,16,15.94,24.37,5.83,134.64,kidneybeans
107,23,55,27.78,90.09,6.82,27.07,muskmelon
35,25,28,28.87,48.78,5.45,97.13,mango
89,54,41,25.4,82.47,6.57,214.13,rice
34,78,21,32.62,68.12,7.01,66.51,blackgram
28,77,84,20.48,15.43,7.35,94.55,chickpea
120,71,46,28.05,83.21,5.93,97.18,banana
34,77,25,29.43,63.21,7.29,70.32,blackgram
3,64,23,25.8,69.89,6.18,125.33,pigeonpeas
40,48,51,37.28,93.21,7.36,142.15,papaya
1,79,18,30.17,58.27,6.33,124.42,pigeonpeas
22,56,21,29.35,85.99,6.62,58.95,mungbean
17,9,34,28.81,94.81,7.2,215.24,coconut
106,38,17,25.07,77.95,5.55,97.77,cotton
1,135,198,37.32,81.42,6.53,71.74,grapes
34,145,202,23.81,94.13,6.77,114.23,apple
10,61,20,27.11,62.06,7.42,35.42,lentil
112,71,55,27.63,78.03,6.04,91.99,banana
80,39,43,26.55,87.03,6.87,187.93,jute
1,137,200,22.04,94.31,6.78,100.56,apple
36,20,36,21.15,92.56,7.09,107.42,pomegranate
36,123,203,22.23,94.95,6.21,113.85,apple
15,44,18,28.56,84.41,7.32,47.64,mungbean
85,21,51,28.66,90.16,6.7,29.25,muskmelon
100,21,31,25.22,58.93,6.73,116.44,coffee
82,19,28,27.15,67.85,6.37,167.67,coffee
37,79,21,24.43,61.5,5.25,152.05,pigeonpeas
66,41,40,25.81,89.73,6.88,175.91,jute
1,79,22,18.05,23.81,5.64,138.55,kidneybeans
113,77,49,27.69,81.64,6.68,101.84,banana
95,45,23,21.95,62.54,6.19,75.07,maize
69,50,41,25.94,82.42,7.94,159.86,jute
100,48,21,18.6,70.0,5.81,104.9,maize
35,59,23,27.95,45.86,4.9,185.18,pigeonpeas
15,30,32,30.08,46.08,4.71,96.07,mango
12,74,20,18.48,20.6,5.5,86.98,kidneybeans
19,16,35,23.74,88.6,6.58,110.16,pomegranate
115,22,48,26.05,80.2,7.1,49.74,watermelon
20,65,18,31.93,67.66,6.96,72.17,blackgram
89,58,24,22.06,57.26,6.98,101.94,maize
100,49,43,26.61,84.25,5.74,217.58,rice
15,58,16,24.74,44.07,7.07,36.77,mothbeans
36,62,19,15.58,18.78,5.76,84.08,kidneybeans
20,27,28,27.26,51.05,5.69,92.58,mango
132,38,19,23.09,77.92,5.81,92.23,cotton
59,51,46,24.65,92.13,7.45,85.72,papaya
37,38,24,29.47,53.29,3.7,51.4,mothbeans
113,41,24,22.22,76.77,6.87,79.24,cotton
15,54,18,28.88,81.92,6.22,58.45,mungbean
28,8,11,16.22,92.16,7.27,105.14,orange
67,46,42,24.13,70.4,7.08,197.83,jute
25,56,16,33.34,61.18,6.57,66.57,blackgram
22,45,20,29.99,81.35,7.01,44.9,mungbean
96,38,29,25.29,69.63,6.4,120.55,coffee
105,71,45,27.25,78.33,6.16,97.88,banana
29,79,17,29.93,59.68,7.05,136.49,pigeonpeas
50,70,52,29.48,94.38,7.28,43.24,papaya
30,139,204,22.23,94.77,6.8,107.41,apple
37,13,44,23.35,87.48,5.57,101.53,pomegranate
65,36,24,23.55,70.93,6.22,65.87,maize
25,38,27,32.99,45.79,6.31,90.97,mango
23,23,30,25.14,90.64,6.84,198.28,coconut
31,127,198,23.04,92.82,5.74,107.75,apple
10,79,18,20.03,64.61,6.61,35.7,lentil
62,50,43,24.75,81.09,7.6,180.53,jute
19,35,16,26.07,40.7,7.29,49.19,mothbeans
8,71,19,29.95,64.8,6.97,46.32,lentil
14,11,26,25.9,91.24,7.79,143.33,coconut
37,67,24,31.41,63.12,7.29,60.99,blackgram
96,47,40,24.33,75.53,7.31,155.99,jute
40,41,24,29.49,82.25,6.6,45.24,mungbean
122,57,23,23.13,80.48,5.71,96.61,cotton
95,5,45,25.38,84.88,6.03,53.74,watermelon
4,141,198,23.91,90.59,6.94,102.28,apple
15,130,196,39.1,80.46,6.47,69.13,grapes
26,16,28,29.18,97.58,6.3,139.79,coconut
20,143,201,26.31,82.27,5.81,65.04,grapes
111,13,47,24.51,87.75,6.19,49.08,watermelon
99,44,39,25.69,84.74,7.96,263.01,rice
5,18,29,32.83,52.12,5.04,89.96,mango
14,15,33,27.29,54.4,7.18,95.43,mango
93,22,30,23.4,52.35,6.35,180.85,coffee
3,30,35,23.85,88.65,7.18,108.32,pomegranate
104,72,49,25.87,84.87,6.34,110.62,banana
21,124,205,11.67,84.66,6.87,70.25,grapes
69,57,45,23.35,87.25,6.78,176.2,jute
1,13,6,15.82,94.53,6.07,104.4,orange
103,51,22,22.38,78.19,7.98,87.14,cotton
26,19,32,28.15,49.25,5.24,97.98,mango
52,67,50,28.0,94.26,7.06,83.44,papaya
93,9,48,27.11,93.52,6.74,20.94,muskmelon
8,52,19,27.22,62.11,8.87,70.91,mothbeans
96,51,42,25.67,78.99,7.38,153.49,jute
21,63,82,17.81,18.04,8.91,67.82,chickpea
38,52,24,26.12,55.29,7.57,44.29,mothbeans
17,16,41,18.5,87.27,7.36,113.63,pomegranate
96,19,54,24.21,85.07,6.49,50.17,watermelon
2,36,22,27.66,45.66,7.18,41.38,mothbeans
131,39,21,22.34,84.47,6.23,69.06,cotton
40,66,54,40.35,91.67,6.77,155.32,papaya
93,17,51,26.96,89.38,7.29,57.78,watermelon
37,45,16,29.72,47.33,6.65,61.4,mothbeans
85,51,40,20.63,84.18,5.96,177.98,rice
2,22,30,27.22,96.34,7.57,170.63,coconut
27,49,19,26.21,59.21,4.86,61.16,mothbeans
11,40,22,29.07,54.84,3.6,62.8,mothbeans
91,38,25,22.08,59.72,5.61,68.49,maize
77,45,41,24.45,80.23,6.12,243.88,rice
78,39,23,24.24,59.42,5.62,94.02,maize
23,12,25,29.1,92.76,7.49,157.38,coconut
18,7,8,29.54,90.76,7.29,118.35,orange
40,15,38,21.91,88.04,5.67,100.02,pomegranate
6,64,20,22.49,22.56,5.81,91.71,kidneybeans
102,19,50,24.4,84.96,6.25,42.52,watermelon
21,50,24,29.02,84.81,7.21,58.76,mungbean
39,58,24,33.68,67.08,6.66,71.64,blackgram
83,51,39,22.05,81.64,7.02,262.86,rice
63,59,45,24.89,82.68,5.93,272.07,rice
101,60,24,23.19,77.57,6.45,74.25,cotton
122,41,25,25.19,79.13,5.88,91.41,cotton
33,74,23,21.38,33.54,6.6,130.52,pigeonpeas
13,12,14,29.92,92.57,6.26,104.3,orange
59,68,18,29.69,68.58,6.96,62.89,blackgram
30,70,17,27.57,67.2,6.17,44.28,lentil
91,94,53,28.61,75.78,5.66,104.78,banana
25,25,34,29.27,54.81,6.34,98.52,mango
87,37,24,22.46,64.61,6.39,101.23,maize
2,142,199,22.77,90.7,5.51,106.13,apple
2,5,43,21.34,86.31,5.97,113.99,pomegranate
37,29,30,28.27,45.01,6.93,90.05,mango
121,40,20,25.34,81.16,7.08,81.64,cotton
37,36,17,29.66,84.59,6.85,51.58,mungbean
28,71,18,20.81,55.44,6.3,109.73,pigeonpeas
40,72,75,17.34,18.3,6.22,67.14,chickpea
27,142,199,22.24,93.82,6.37,101.78,apple
111,18,25,24.37,55.39,7.64,175.41,coffee
29,77,17,28.58,58.05,6.54,134.9,pigeonpeas
82,39,38,26.73,72.92,7.26,179.65,jute
62,47,43,23.6,82.23,6.48,193.37,jute
71,44,37,25.34,76.96,7.31,150.78,jute
44,51,51,33.69,94.96,7.48,173.36,papaya
20,66,23,19.59,65.47,7.09,36.79,lentil
24,136,201,29.38,82.77,6.98,72.32,grapes
98,41,40,22.11,81.42,5.11,241.43,rice
28,29,6,32.53,90.63,6.79,117.03,orange
11,45,23,27.04,86.49,7.0,54.97,mungbean
37,37,27,34.01,51.09,7.41,93.48,mango
26,73,18,21.45,20.77,5.86,77.93,kidneybeans
31,143,197,27.62,81.37,6.74,65.05,grapes
13,36,23,29.11,83.31,7.01,44.9,mungbean
24,29,15,19.3,91.49,7.72,119.97,orange
28,66,22,33.07,36.79,4.56,175.7,pigeonpeas
95,81,51,25.37,80.04,5.77,107.22,banana
99,47,38,24.43,81.2,5.23,169.33,rice
14,58,17,27.35,54.31,5.24,96.35,pigeonpeas
28,29,40,20.8,94.54,6.78,104.47,pomegranate
80,37,30,23.02,58.03,6.37,168.07,coffee
93,11,45,28.75,91.15,6.22,26.54,muskmelon
24,74,23,26.82,64.3,6.75,70.6,blackgram
65,53,50,31.72,90.75,7.46,124.91,papaya
64,64,51,30.61,91.83,7.38,48.24,papaya
29,30,37,19.58,87.12,7.09,102.8,pomegranate
34,63,23,23.92,21.04,5.95,93.96,kidneybeans
24,65,83,17.82,17.33,8.2,83.48,chickpea
8,36,19,29.41,83.41,6.67,51.89,mungbean
37,57,21,29.42,80.69,6.5,42.84,mungbean
20,18,25,29.73,51.98,6.87,92.55,mango
35,71,20,20.08,54.23,4.85,127.09,pigeonpeas
116,23,46,29.46,92.47,7.27,26.01,muskmelon
23,35,35,30.5,45.47,6.9,96.25,mango
18,48,24,31.96,54.57,8.37,44.71,mothbeans
25,69,23,34.31,30.49,6.52,95.7,pigeonpeas
91,29,46,29.13,92.66,6.72,22.23,muskmelon
67,52,39,26.56,80.69,6.02,167.02,rice
28,5,40,18.26,90.69,7.34,114.53,pomegranate
100,16,48,29.08,93.8,7.28,29.73,muskmelon
34,74,19,28.99,36.41,6.52,109.72,pigeonpeas
22,127,204,23.29,94.86,5.56,107.13,apple
19,60,23,27.75,85.38,7.49,56.44,mungbean
65,52,40,25.41,82.6,7.56,232.79,rice
2,57,19,17.95,19.63,5.64,132.31,kidneybeans
31,134,202,23.77,93.56,6.05,117.83,apple
71,41,45,22.75,84.46,6.89,269.22,rice
38,27,28,35.32,45.24,6.24,95.59,mango
57,69,52,41.3,94.14,6.86,166.03,papaya
26,52,16,31.51,44.53,7.24,40.02,mothbeans
139,51,23,22.34,76.61,7.33,77.25,cotton
19,7,41,23.89,94.97,6.36,104.8,pomegranate
28,66,18,25.16,40.57,5.12,143.13,pigeonpeas
33,55,51,40.95,94.87,6.94,52.69,papaya
26,77,24,29.04,60.95,7.09,49.81,lentil
74,52,21,20.4,72.57,6.7,92.92,maize
40,56,76,20.95,19.79,6.01,93.55,chickpea
90,15,47,28.47,94.36,7.07,25.8,muskmelon
105,59,22,24.97,79.99,6.69,64.4,cotton
36,57,22,16.87,24.01,5.91,108.67,kidneybeans
46,80,75,20.91,16.44,8.61,88.47,chickpea
3,49,24,28.19,82.96,6.22,38.79,mungbean
119,17,28,24.21,54.97,6.76,184.54,coffee
107,36,31,25.33,62.73,6.6,130.52,coffee
11,16,13,25.24,90.55,7.26,103.73,orange
115,10,46,26.36,88.35,6.24,57.09,watermelon
17,24,9,16.1,93.65,6.84,119.63,orange
6,131,199,31.37,81.25,6.46,73.77,grapes
119,33,29,26.49,69.99,7.42,179.74,coffee
17,56,18,18.61,65.17,5.23,151.31,pigeonpeas
9,26,32,33.54,45.01,7.31,90.97,mango
10,138,199,21.89,92.28,5.61,119.97,apple
4,26,27,31.64,47.53,7.32,99.87,mango
15,28,41,20.88,94.34,5.6,103.15,pomegranate
88,33,33,25.26,60.13,6.07,120.89,coffee
8,70,17,23.97,64.2,5.12,97.83,pigeonpeas
99,22,26,25.04,51.05,7.1,141.12,coffee
26,136,205,8.1,81.24,6.89,74.32,grapes
132,53,24,23.79,76.73,5.62,69.86,cotton
5,19,44,21.34,94.95,6.86,101.11,pomegranate
41,60,55,25.34,91.06,6.97,243.41,papaya
21,126,196,22.09,91.28,6.26,124.16,apple
33,69,24,30.69,66.32,7.28,60.77,blackgram
34,75,23,34.79,51.77,5.1,157.85,pigeonpeas
81,13,53,25.66,84.51,6.43,45.96,watermelon
65,59,48,43.05,92.42,6.83,78.11,papaya
22,56,23,26.34,64.68,7.41,66.43,blackgram
35,131,199,9.21,82.49,6.33,70.59,grapes
23,70,23,26.44,68.34,6.11,49.95,lentil
88,45,37,21.1,81.25,6.65,257.19,rice
97,33,29,25.09,65.2,6.35,143.78,coffee
70,57,48,41.72,92.46,7.1,60.09,papaya
46,69,76,19.05,18.84,7.38,66.56,chickpea
114,38,29,25.68,64.84,7.39,190.71,coffee
82,44,42,24.9,86.72,7.36,184.23,jute
7,41,15,30.68,64.37,4.31,40.42,mothbeans
34,15,37,20.97,88.86,7.33,111.43,pomegranate
33,69,52,31.77,93.51,7.26,203.79,papaya
11,62,22,35.43,54.15,4.73,98.31,pigeonpeas
28,121,198,23.46,90.4,6.78,102.3,apple
27,61,18,24.17,20.03,5.73,140.11,kidneybeans
12,20,10,15.46,90.82,6.47,110.05,orange
30,49,24,30.54,58.93,3.83,30.31,mothbeans
82,52,42,21.57,83.56,5.71,198.81,rice
26,59,17,28.43,86.02,6.87,45.04,mungbean
87,29,53,24.62,83.38,7.21,53.91,watermelon
0,7,43,23.4,94.15,7.21,110.25,pomegranate
2,29,25,29.74,93.69,5.53,195.47,coconut
3,8,29,29.7,96.93,7.67,164.81,coconut
98,60,35,23.6,78.47,6.37,168.19,jute
36,12,39,24.29,93.96,6.87,112.88,pomegranate
40,66,22,16.41,21.4,5.51,105.49,kidneybeans
27,46,22,30.6,43.66,8.5,54.31,mothbeans
89,38,35,26.51,71.6,6.3,151.11,jute
25,60,19,15.39,21.33,5.77,80.5,kidneybeans
70,42,39,20.14,81.61,5.63,199.12,rice
29,61,23,25.06,62.11,6.47,47.56,lentil
55,54,53,32.52,93.63,6.6,123.17,papaya
27,29,38,23.68,85.55,6.58,101.06,pomegranate
24,15,11,24.42,90.83,6.81,106.87,orange
59,75,78,20.92,17.61,7.75,87.44,chickpea
64,42,43,26.41,85.58,7.26,175.7,jute
36,24,38,23.21,86.52,5.76,105.18,pomegranate
122,51,21,24.88,81.43,6.8,87.27,cotton
16,59,20,26.2,57.74,5.13,70.69,mothbeans
20,57,24,27.03,87.78,6.69,59.72,mungbean
14,136,202,27.93,81.79,6.37,68.42,grapes
25,44,16,28.79,88.14,6.57,38.31,mungbean
34,62,21,21.77,69.58,6.07,46.6,lentil
114,54,18,23.31,76.08,7.84,71.64,cotton
37,68,17,21.96,23.55,5.66,137.15,kidneybeans
32,25,27,30.65,53.26,5.18,95.29,mango
80,13,46,28.42,93.39,7.31,27.49,muskmelon
37,62,24,17.92,24.38,5.88,132.44,kidneybeans
27,10,9,14.94,92.74,6.23,100.46,orange
10,59,17,19.27,37.43,6.49,186.99,pigeonpeas
86,45,18,26.86,63.19,6.84,71.5,maize
82,59,44,23.68,79.46,7.94,168.62,jute
81,40,30,25.37,69.09,6.31,131.09,coffee
114,49,19,24.64,75.51,6.73,71.84,cotton
78,48,19,21.61,66.19,5.73,69.1,maize
6,64,19,19.82,67.98,7.41,38.81,lentil
28,57,16,15.08,22.42,5.72,72.08,kidneybeans
20,19,39,18.57,86.93,7.4,106.13,pomegranate
57,64,53,34.24,93.99,7.1,106.05,papaya
97,48,40,25.59,83.25,7.11,269.37,rice
16,61,17,35.28,54.65,6.17,135.74,pigeonpeas
103,17,50,28.48,92.83,7.07,21.1,muskmelon
36,40,23,28.63,80.78,7.43,41.17,mungbean
16,66,19,24.08,23.0,5.8,87.84,kidneybeans
71,50,24,19.9,67.46,6.45,96.66,maize
91,43,44,25.46,86.45,7.09,160.92,jute
35,69,20,19.3,20.22,5.72,129.65,kidneybeans
27,69,85,20.75,14.26,6.49,68.95,chickpea
119,57,19,23.14,83.96,7.65,66.56,cotton
22,54,15,30.55,41.0,8.84,74.64,mothbeans
16,144,202,21.13,94.53,6.23,111.51,apple
65,50,50,23.5,93.82,7.08,171.37,papaya
2,10,43,21.18,88.02,6.27,112.82,pomegranate
116,49,23,24.79,84.96,5.53,74.21,cotton
14,27,29,32.77,54.01,4.99,93.58,mango
19,132,202,10.98,83.34,6.84,65.58,grapes
31,30,28,29.36,46.22,6.03,96.02,mango
98,27,28,23.79,50.95,6.39,164.47,coffee
99,37,30,26.42,61.76,7.68,139.19,coffee
127,50,21,25.44,76.02,6.37,81.53,cotton
6,42,19,27.27,56.99,3.84,31.56,mothbeans
29,18,33,28.61,96.15,5.88,209.42,coconut
28,11,25,26.71,99.69,7.24,168.13,coconut
2,16,33,25.12,96.75,7.83,152.51,coconut
17,134,204,23.59,91.86,5.81,119.38,apple
11,29,10,11.47,93.65,6.66,113.07,orange
32,37,30,31.1,45.31,7.14,89.16,mango
32,30,26,31.93,52.03,6.88,96.55,mango
12,17,9,27.71,93.12,7.29,114.28,orange
101,72,47,29.2,82.25,6.84,93.53,banana
25,141,198,22.06,94.53,6.85,124.41,apple
29,134,196,11.96,82.98,5.91,65.8,grapes
48,80,16,25.97,67.2,6.92,62.76,blackgram
38,68,18,15.77,21.5,5.9,123.64,kidneybeans
3,137,197,19.71,80.31,5.9,72.68,grapes
137,41,18,23.65,77.43,5.82,94.3,cotton
5,73,16,25.48,63.56,7.58,39.67,lentil
107,70,54,27.23,78.43,5.71,103.18,banana
9,51,22,25.75,41.5,4.29,57.27,mothbeans
18,136,205,23.38,90.2,6.0,111.76,apple
63,51,40,25.11,88.53,6.06,188.67,jute
35,79,18,22.06,60.07,7.36,51.51,lentil
103,18,32,26.66,50.86,7.35,150.25,coffee
7,16,7,29.33,92.37,6.7,107.22,orange
6,74,20,28.94,61.47,7.29,39.66,lentil
56,74,22,28.01,61.84,7.63,67.11,blackgram
88,78,47,29.51,78.97,5.87,103.45,banana
12,70,18,18.0,23.2,5.52,141.26,kidneybeans
25,5,37,21.44,94.51,6.27,106.37,pomegranate
90,38,37,24.58,73.4,6.99,173.57,jute
70,47,45,27.56,94.86,7.48,177.53,papaya
27,76,25,25.54,61.84,6.21,51.26,lentil
34,30,30,26.73,91.86,5.51,178.37,coconut
3,65,18,21.77,22.24,5.68,79.61,kidneybeans
38,60,25,24.95,22.98,5.99,111.26,kidneybeans
34,36,22,26.73,51.96,9.07,44.94,mothbeans
67,70,54,43.95,91.22,7.34,212.84,papaya
54,73,76,19.83,17.26,6.25,78.75,chickpea
88,18,47,26.01,87.54,6.17,49.36,watermelon
3,39,27,35.3,49.26,7.46,95.65,mango
27,25,28,33.58,47.42,5.02,95.36,mango
77,41,23,25.19,68.89,5.91,89.51,maize
95,74,52,26.42,80.86,6.38,103.37,banana
67,40,38,23.67,82.16,5.87,241.78,rice
3,60,17,31.91,64.43,8.26,59.67,mothbeans
34,139,201,22.09,91.05,6.66,112.16,apple
17,72,18,18.06,23.52,5.72,131.85,kidneybeans
11,72,16,19.36,60.04,8.0,51.05,lentil
30,74,80,20.37,18.37,8.33,84.68,chickpea
0,59,22,21.66,24.76,5.88,145.57,kidneybeans
137,37,19,24.84,77.26,7.14,66.57,cotton
11,70,24,35.04,34.24,4.96,193.92,pigeonpeas
28,64,83,19.22,14.03,8.28,66.06,chickpea
45,71,77,17.25,18.68,7.38,66.74,chickpea
116,15,50,28.43,92.24,7.16,25.27,muskmelon
31,142,197,10.85,82.41,6.27,73.29,grapes
18,79,22,21.62,61.88,6.61,36.86,lentil
9,145,197,23.31,91.12,5.62,121.87,apple
39,44,16,28.02,85.06,6.24,51.45,mungbean
2,79,17,23.48,42.16,5.19,90.16,pigeonpeas
55,80,79,18.79,18.33,8.66,82.79,chickpea
110,47,16,22.14,79.69,6.5,65.48,cotton
41,60,75,17.96,19.86,8.4,93.79,chickpea
28,74,22,20.73,65.04,6.12,121.07,pigeonpeas
18,121,199,27.42,84.77,6.28,73.19,grapes
38,123,202,22.52,90.13,6.89,121.3,apple
27,57,17,23.56,19.59,5.92,85.13,kidneybeans
54,76,19,31.87,63.13,6.59,70.52,blackgram
36,59,25,33.53,64.98,7.4,63.41,blackgram
1,76,15,30.67,68.81,5.81,115.85,pigeonpeas
95,34,30,24.01,52.49,6.69,126.69,coffee
33,65,18,28.4,66.69,6.9,44.76,lentil
101,37,22,23.72,83.65,7.24,60.32,cotton
33,11,9,26.7,92.15,6.88,101.31,orange
18,26,41,24.99,87.87,6.06,102.4,pomegranate
17,23,7,25.25,93.63,6.63,116.58,orange
21,128,196,23.69,94.01,5.71,119.42,apple
31,41,22,28.53,63.23,5.82,32.98,mothbeans
89,25,32,23.38,62.07,7.86,187.28,coffee
7,63,15,22.8,65.5,7.24,48.27,lentil
79,38,17,26.88,57.85,6.25,90.91,maize
63,50,18,23.59,55.91,6.81,108.67,maize
2,10,40,24.54,93.35,7.19,104.55,pomegranate
119,27,54,28.98,91.72,7.34,22.92,muskmelon
93,37,24,22.93,71.35,6.18,92.18,maize
26,45,16,28.8,89.02,6.57,40.41,mungbean
85,37,37,24.35,71.56,6.38,195.56,jute
76,54,22,19.39,71.32,5.84,71.19,maize
3,60,15,26.92,67.23,6.27,51.72,lentil
50,60,85,18.47,15.96,6.45,74.17,chickpea
17,50,16,29.82,87.55,6.88,55.71,mungbean
7,14,29,26.5,96.57,7.8,168.06,coconut
36,16,27,27.06,97.16,5.77,155.69,coconut
101,37,18,25.89,80.59,6.43,95.55,cotton
20,62,16,21.3,18.38,5.87,88.58,kidneybeans
29,60,81,18.64,19.04,8.7,75.6,chickpea
0,53,19,26.04,40.32,6.74,68.3,mothbeans
90,29,32,26.03,57.84,6.24,181.37,coffee
27,65,18,29.32,67.82,7.23,71.91,blackgram
118,43,21,22.74,81.27,5.93,62.55,cotton
67,58,19,21.45,65.38,5.57,68.31,maize
0,57,23,29.02,58.76,4.41,50.62,mothbeans
3,80,22,21.42,65.86,6.22,54.32,lentil
5,65,23,15.71,18.56,5.68,144.76,kidneybeans
85,93,47,26.26,79.07,6.07,113.84,banana
109,10,49,24.21,83.9,7.11,47.73,watermelon
34,133,202,38.03,82.48,5.97,72.54,grapes
23,78,20,28.12,64.46,7.42,49.64,lentil
39,77,20,32.07,62.52,7.17,61.85,blackgram
70,45,43,21.6,80.38,5.87,174.18,rice
30,12,36,19.76,94.21,6.66,108.0,pomegranate
37,15,32,35.13,46.4,4.79,94.09,mango
26,26,29,29.37,92.13,6.31,144.32,coconut
131,57,23,22.78,81.0,6.33,60.37,cotton
3,40,23,24.41,52.31,6.15,45.05,mothbeans
39,51,24,27.91,87.82,7.15,52.29,mungbean
34,77,19,27.15,61.44,6.02,35.4,lentil
29,131,201,19.58,81.51,6.37,69.98,grapes
6,72,17,25.05,65.83,5.11,145.86,pigeonpeas
93,71,50,27.72,76.68,6.64,119.55,banana
81,43,23,21.88,59.97,6.43,95.34,maize
98,76,47,28.35,75.0,6.71,92.38,banana
98,30,53,29.68,94.12,6.15,22.27,muskmelon
2,133,200,13.08,80.52,5.69,66.01,grapes
26,61,22,28.48,61.27,7.73,46.87,lentil
111,16,52,25.16,82.11,6.95,59.52,watermelon
107,94,47,27.99,79.24,6.17,97.62,banana
22,136,197,22.94,90.91,6.63,108.48,apple
29,23,30,32.39,46.71,6.72,92.63,mango
13,52,21,26.74,43.36,4.07,67.42,mothbeans
111,73,51,25.17,79.98,5.73,95.49,banana
26,15,13,33.75,94.03,6.76,115.77,orange
12,13,9,17.69,94.92,7.63,103.29,orange
27,144,198,23.62,94.62,6.51,123.28,apple
63,46,43,24.89,86.59,7.46,160.47,jute
7,33,29,30.62,52.83,7.39,90.52,mango
81,49,41,25.08,84.88,6.55,198.44,rice
35,126,200,23.99,84.37,6.64,70.13,grapes
36,65,82,17.01,17.72,7.07,88.83,chickpea
34,63,48,40.22,94.98,6.58,139.34,papaya
92,41,22,24.84,66.91,6.21,80.59,maize
111,22,49,29.69,90.81,7.49,21.19,muskmelon
46,60,48,26.68,93.87,7.45,61.09,papaya
63,37,42,24.95,85.81,7.83,169.42,jute
85,38,24,23.65,61.7,5.71,99.7,maize
4,143,199,21.24,91.94,6.4,112.84,apple
16,59,21,22.99,66.85,6.25,155.21,pigeonpeas
81,21,33,25.93,65.65,7.49,119.3,coffee
7,129,198,22.84,94.51,6.94,116.34,apple
17,28,29,26.79,94.41,6.8,190.04,coconut
1,69,24,25.99,68.23,6.03,45.84,lentil
30,30,33,30.89,52.86,5.89,100.29,mango
95,23,51,28.27,92.83,6.55,29.36,muskmelon
65,46,38,24.41,71.89,6.86,199.16,jute
106,49,17,22.16,75.36,7.58,83.66,cotton
5,22,9,15.15,92.01,6.15,113.91,orange
35,29,42,18.61,91.69,6.32,107.06,pomegranate
42,59,22,31.0,67.31,7.65,74.63,blackgram
87,39,44,25.76,84.75,7.18,242.01,rice
11,55,25,24.24,62.43,7.24,73.8,mothbeans
116,29,49,27.65,91.87,6.5,21.76,muskmelon
93,20,54,24.14,83.85,6.24,53.91,watermelon
15,78,20,21.24,67.02,7.32,54.78,lentil
11,60,22,21.94,53.81,5.29,162.82,pigeonpeas
34,126,204,8.65,83.66,6.9,71.57,grapes
6,44,24,25.24,42.07,6.41,43.61,mothbeans
35,7,42,24.44,87.71,6.24,108.53,pomegranate
93,58,45,24.59,89.82,6.31,162.68,jute
94,9,51,25.39,84.95,6.64,59.12,watermelon
100,31,34,24.91,65.3,7.2,193.8,coffee
75,40,36,25.96,85.4,7.94,188.67,jute
19,130,203,21.69,90.03,6.48,105.06,apple
81,48,40,23.04,70.03,6.2,155.08,jute
32,25,8,18.49,94.68,6.33,100.84,orange
9,22,25,28.11,54.86,5.45,90.38,mango
26,72,20,18.05,19.49,5.52,87.36,kidneybeans
84,22,48,24.6,89.36,6.03,48.76,watermelon
37,80,15,31.7,44.87,5.68,172.97,pigeonpeas
133,43,20,25.5,75.53,7.72,68.77,cotton
2,5,5,10.21,90.55,6.48,104.42,orange
89,18,52,25.67,89.29,6.57,49.27,watermelon
98,15,49,29.94,90.44,7.38,24.8,muskmelon
108,38,23,23.03,77.85,7.9,75.16,cotton
34,67,25,21.34,18.88,5.84,89.26,kidneybeans
44,67,85,17.55,18.17,7.21,77.85,chickpea
59,71,22,34.77,63.77,7.7,66.52,blackgram
13,64,21,21.29,60.27,7.47,47.51,lentil
88,57,42,25.94,75.81,6.61,189.15,jute
13,7,39,18.9,94.48,6.45,104.76,pomegranate
86,18,47,27.55,90.32,7.14,24.27,muskmelon
3,7,31,25.26,93.37,7.38,157.96,coconut
99,86,45,28.11,82.78,6.25,100.73,banana
118,6,45,28.98,91.45,6.38,23.31,muskmelon
93,90,45,29.35,80.13,6.1,104.92,banana
74,53,16,20.84,65.79,6.69,75.94,maize
20,67,20,28.16,68.32,6.81,41.67,lentil
14,138,199,36.33,82.27,6.58,66.07,grapes
114,28,32,23.96,63.77,6.54,185.73,coffee
26,61,78,20.4,17.37,7.57,68.44,chickpea
7,45,24,27.42,87.64,6.16,59.53,mungbean
8,57,17,29.08,68.21,6.71,48.12,lentil
50,78,19,28.42,69.62,7.17,67.34,blackgram
103,93,48,28.35,76.88,6.44,100.09,banana
72,39,37,25.56,87.46,6.82,158.48,jute
40,34,31,30.2,45.49,4.59,95.65,mango
33,45,17,29.9,49.01,7.53,42.18,mothbeans
34,46,19,31.32,46.28,8.57,51.78,mothbeans
108,29,47,26.24,85.21,6.4,55.53,watermelon
28,74,20,33.84,65.54,7.3,62.93,blackgram
25,14,6,27.73,94.27,7.37,100.36,orange
97,16,51,26.32,80.34,6.89,43.73,watermelon
17,128,196,22.69,92.4,5.66,115.31,apple
24,129,199,23.5,91.55,6.91,104.49,apple
88,37,28,23.07,66.87,7.88,170.72,coffee
48,72,15,28.68,69.79,7.13,67.53,blackgram
109,24,46,24.66,82.74,6.82,42.89,watermelon
114,57,19,25.66,79.98,6.5,90.02,cotton
71,50,25,23.69,60.2,6.45,87.0,maize
59,77,21,32.01,62.85,7.45,66.83,blackgram
5,121,203,27.4,83.8,5.72,70.72,grapes
56,61,78,20.04,16.7,8.33,66.96,chickpea
9,127,199,13.82,84.37,6.56,65.85,grapes
7,20,32,26.59,95.4,7.23,170.03,coconut
99,95,53,26.05,80.01,5.85,102.29,banana
12,37,17,27.38,81.23,6.78,41.15,mungbean
5,49,22,29.6,58.84,8.74,52.5,mothbeans
130,58,17,25.35,81.9,7.67,91.88,cotton
28,62,16,22.82,22.51,5.52,92.4,kidneybeans
121,37,19,24.4,80.56,6.51,77.16,cotton
84,17,53,24.66,82.69,6.36,59.83,watermelon
3,29,28,26.91,90.92,5.78,199.04,coconut
4,120,197,41.86,80.9,6.25,73.48,grapes
28,121,199,23.12,91.13,6.69,115.77,apple
63,53,46,27.75,92.34,6.92,100.67,papaya
82,42,41,20.21,80.19,7.47,204.03,rice
105,5,47,24.3,83.63,6.75,40.87,watermelon
120,15,30,25.87,68.28,7.01,161.21,coffee
23,142,202,21.61,92.15,6.24,101.38,apple
16,144,197,28.81,82.16,5.61,69.88,grapes
2,36,30,28.78,48.17,5.35,95.37,mango
32,16,33,27.67,93.38,7.14,198.18,coconut
37,71,16,29.37,62.59,6.67,43.05,lentil
15,51,19,28.94,80.61,7.22,58.51,mungbean
108,11,54,29.68,90.97,6.2,29.76,muskmelon
9,23,33,27.1,92.97,6.68,138.86,coconut
4,29,14,14.85,90.81,6.48,110.31,orange
81,27,47,29.79,93.59,7.14,22.01,muskmelon
31,7,7,10.31,92.97,7.77,113.41,orange
27,72,19,34.95,36.69,6.0,166.0,pigeonpeas
29,135,198,21.08,93.75,5.82,120.86,apple
23,56,78,20.14,18.25,8.37,80.52,chickpea
21,75,15,32.62,68.93,7.15,68.03,blackgram
100,32,31,27.02,59.04,7.04,183.88,coffee
34,66,23,23.93,18.44,5.94,100.35,kidneybeans
3,29,29,28.12,96.66,6.87,149.5,coconut
31,64,76,20.75,17.32,6.92,76.91,chickpea
22,45,23,30.52,55.3,5.74,41.49,mothbeans
10,58,20,27.73,59.01,4.43,51.93,mothbeans
13,130,198,19.66,82.05,6.58,70.12,grapes
48,72,77,19.64,16.36,7.95,68.2,chickpea
16,24,10,33.51,91.47,6.83,115.74,orange
39,56,16,18.63,66.26,6.11,51.73,lentil
50,70,17,31.67,66.23,7.4,67.35,blackgram
103,93,46,27.67,83.79,6.12,104.46,banana
30,12,28,27.64,92.16,7.71,138.11,coconut
7,23,13,26.98,93.03,7.13,117.22,orange
76,35,44,20.64,81.6,7.85,292.59,rice
1,43,17,27.3,89.57,6.9,53.22,mungbean
38,10,32,25.22,90.66,6.88,139.97,coconut
11,124,202,16.57,82.27,6.08,74.82,grapes
37,51,16,27.22,58.22,8.18,35.32,mothbeans
8,29,29,28.01,96.1,6.9,216.9,coconut
31,76,21,15.89,21.41,5.54,96.68,kidneybeans
11,17,30,26.94,98.21,6.63,187.35,coconut
5,41,19,29.39,41.56,4.76,66.41,mothbeans
105,72,51,25.6,75.79,6.29,102.08,banana
18,23,14,26.85,91.02,7.87,105.29,orange
100,22,51,26.43,80.45,6.44,45.6,watermelon
98,34,32,25.69,51.75,7.85,153.73,coffee
41,57,15,34.64,63.77,7.4,61.2,blackgram
115,23,54,28.0,92.52,6.02,20.07,muskmelon
95,31,32,24.05,66.74,6.58,130.87,coffee
86,10,55,27.46,91.35,6.89,26.1,muskmelon
26,128,198,22.02,93.4,5.59,123.23,apple
120,75,45,29.99,77.81,6.5,95.3,banana
74,44,22,22.07,59.49,6.18,67.04,maize
105,26,49,28.29,92.05,6.56,29.26,muskmelon
54,64,23,34.41,66.23,7.61,72.08,blackgram
30,122,204,23.44,90.17,5.64,101.23,apple
44,66,22,27.28,60.58,6.95,67.11,blackgram
1,40,18,28.08,55.38,8.96,52.94,mothbeans
105,14,49,26.09,89.38,6.81,55.37,watermelon
108,83,52,29.45,79.4,6.85,112.52,banana
108,21,47,25.41,87.2,6.79,47.91,watermelon
7,49,21,27.92,56.12,4.88,54.87,mothbeans
77,58,38,23.6,83.92,6.19,243.31,rice
7,29,31,29.24,95.4,6.54,222.83,coconut
38,22,34,34.77,52.73,5.01,98.86,mango
26,130,205,19.22,84.81,6.85,67.7,grapes
18,26,42,24.18,87.04,7.25,100.9,pomegranate
19,77,17,21.78,22.25,5.65,72.29,kidneybeans
23,137,203,30.41,81.99,6.27,73.03,grapes
84,48,45,26.32,88.23,6.51,188.63,jute
65,39,36,24.49,80.91,6.04,284.52,rice
108,52,23,25.36,77.92,7.83,82.12,cotton
17,46,23,27.59,88.2,6.97,45.47,mungbean
40,63,17,28.09,69.75,7.12,66.67,blackgram
12,78,19,15.87,22.32,5.56,91.07,kidneybeans
61,58,38,24.64,81.56,6.56,232.01,rice
29,137,198,16.57,84.78,6.88,69.57,grapes
36,137,205,23.3,94.71,5.82,119.29,apple
19,16,41,20.5,86.64,6.51,112.45,pomegranate
34,67,18,32.25,48.05,5.05,184.05,pigeonpeas
79,50,18,24.25,72.2,6.67,61.98,maize
94,57,22,25.53,68.95,6.52,90.93,maize
28,130,199,22.37,90.89,6.45,109.1,apple
3,76,18,25.99,30.88,5.4,145.29,pigeonpeas
12,14,32,28.06,91.79,6.44,174.44,coconut
23,80,23,25.96,58.3,5.67,115.18,pigeonpeas
36,54,51,34.49,91.16,6.84,168.95,papaya
61,64,48,24.71,90.06,6.93,126.17,papaya
40,56,76,20.63,14.84,7.6,77.33,chickpea
25,25,13,18.88,92.87,7.67,113.76,orange
88,36,43,24.4,80.41,7.62,288.13,rice
38,20,11,15.8,90.23,7.89,106.27,orange
17,76,24,20.92,65.51,6.38,37.04,lentil
11,16,29,35.06,54.83,6.41,90.94,mango
106,73,50,27.19,77.68,6.41,116.14,banana
114,75,52,27.71,83.33,5.69,93.89,banana
61,52,39,25.58,77.12,7.35,186.46,jute
22,121,198,27.57,84.75,6.79,67.28,grapes
61,54,55,32.12,90.75,6.97,182.6,papaya
14,127,197,21.11,90.22,6.81,116.96,apple
33,135,198,14.93,81.7,6.21,67.96,grapes
96,27,49,26.21,84.76,6.18,58.56,watermelon
118,43,24,25.4,83.44,6.78,91.58,cotton
8,70,18,17.07,21.62,5.5,60.69,kidneybeans
93,20,54,26.02,80.75,6.69,57.82,watermelon
8,72,25,19.83,30.33,5.8,100.19,pigeonpeas
24,71,19,19.73,60.94,6.03,52.47,lentil
86,20,47,28.59,92.95,6.45,20.35,muskmelon
93,72,55,26.43,79.24,6.47,90.74,banana
7,64,21,18.85,63.62,7.07,54.92,lentil
31,142,201,21.56,91.43,6.21,123.86,apple
15,64,20,16.54,21.88,5.77,128.57,kidneybeans
22,31,29,32.83,45.45,4.66,94.49,mango
67,57,23,24.94,71.9,6.64,91.31,maize
29,9,11,17.82,90.89,7.72,108.07,orange
28,27,28,34.96,50.77,5.16,92.23,mango
7,23,27,27.56,90.93,7.8,162.68,coconut
67,37,36,23.23,81.03,6.09,225.51,rice
37,28,6,13.3,92.48,6.21,106.91,orange
95,27,34,25.07,60.69,6.04,128.48,coffee
116,45,18,23.84,77.52,6.44,92.0,cotton
16,69,20,21.49,64.35,6.53,182.17,pigeonpeas
54,67,17,26.34,69.53,6.61,62.99,blackgram
118,26,54,29.44,92.3,6.38,23.7,muskmelon
29,50,20,27.4,82.61,6.63,49.98,mungbean
81,17,34,27.34,57.15,7.78,165.46,coffee
93,42,36,24.88,83.14,7.63,260.26,rice
105,11,45,29.27,94.93,7.21,24.6,muskmelon
37,64,55,39.33,91.48,6.74,85.71,papaya
62,65,53,30.33,92.27,7.09,244.53,papaya
21,42,15,28.49,82.86,7.1,35.6,mungbean
11,133,200,8.4,82.78,6.49,70.92,grapes
39,23,31,27.81,51.06,4.77,100.51,mango
25,53,16,27.11,89.94,6.35,36.35,mungbean
42,56,81,20.81,17.61,8.46,91.53,chickpea
83,48,21,18.16,72.44,6.9,88.26,maize
34,30,31,27.26,53.29,6.86,92.11,mango
19,15,45,19.4,87.15,6.08,102.59,pomegranate
29,22,28,25.85,95.81,6.71,199.24,coconut
16,34,31,30.49,46.71,5.18,95.91,mango
86,42,25,19.36,63.65,6.92,80.99,maize
27,15,34,25.91,95.44,7.88,189.41,coconut
36,55,22,29.44,63.65,5.27,30.05,mothbeans
83,77,48,29.73,77.83,6.19,110.14,banana
22,6,27,26.43,92.83,7.18,131.74,coconut
93,57,35,23.58,82.09,5.67,167.98,rice
14,63,25,33.42,58.05,6.68,151.83,pigeonpeas
83,25,32,25.35,57.67,6.24,135.82,coffee
46,79,76,17.23,15.69,6.79,72.41,chickpea
21,7,29,27.91,95.22,6.33,181.53,coconut
6,63,18,33.69,56.91,6.89,117.55,pigeonpeas
46,45,51,23.27,90.01,7.12,79.69,papaya
107,29,53,27.13,92.36,6.6,23.1,muskmelon
12,54,19,27.42,80.11,6.82,59.39,mungbean
90,51,43,24.6,82.84,5.28,205.16,rice
103,27,29,27.45,58.75,6.15,195.46,coffee
37,71,19,27.77,65.58,7.02,73.99,blackgram
13,8,38,22.01,89.42,6.19,111.2,pomegranate
2,130,199,21.5,90.12,5.7,116.37,apple
92,19,48,24.5,84.07,6.35,50.7,watermelon
35,77,80,18.92,14.15,7.02,76.41,chickpea
99,29,46,26.84,87.33,6.96,52.91,watermelon
96,70,46,27.67,81.75,6.13,111.92,banana
83,25,31,23.74,65.31,7.49,191.78,coffee
83,40,32,23.81,50.25,6.34,186.24,coffee
19,56,16,17.77,24.8,5.67,103.38,kidneybeans
38,45,23,26.13,64.76,3.65,57.16,mothbeans
81,28,53,26.51,80.93,7.11,59.2,watermelon
20,67,16,28.08,69.26,6.74,74.49,blackgram
106,81,53,29.53,76.2,6.3,98.54,banana
120,58,18,25.47,81.44,5.55,88.99,cotton
24,73,22,18.75,19.17,5.72,72.83,kidneybeans
93,36,21,20.07,57.41,5.62,94.81,maize
92,23,46,28.22,94.24,6.55,25.91,muskmelon
19,16,9,22.73,94.73,7.1,119.06,orange
7,12,43,24.34,94.75,5.96,113.22,pomegranate
79,50,17,26.92,59.63,6.91,92.48,maize
113,6,45,28.12,90.74,6.84,29.17,muskmelon
16,137,196,28.19,83.86,6.74,66.71,grapes
39,65,53,27.35,91.68,6.63,55.58,papaya
91,18,48,27.63,93.0,6.13,20.58,muskmelon
39,6,13,18.03,90.19,7.84,102.79,orange
83,25,52,29.19,90.5,7.08,26.8,muskmelon
95,54,37,23.29,84.31,6.78,188.3,jute
18,121,204,23.99,80.14,6.53,69.82,grapes
77,39,43,24.39,78.0,7.79,174.83,jute
62,47,39,26.12,77.1,7.97,159.04,jute
104,16,34,26.43,50.68,7.64,132.02,coffee
134,41,15,24.48,79.58,6.92,95.97,cotton
28,19,39,20.94,90.62,5.51,101.18,pomegranate
102,35,25,24.64,78.65,6.68,70.66,cotton
30,66,18,24.0,18.81,5.98,88.26,kidneybeans
22,19,6,19.96,91.35,8.0,106.17,orange
112,22,33,24.36,50.66,7.03,131.72,coffee
21,72,18,22.74,23.41,5.76,147.84,kidneybeans
12,123,197,27.98,80.32,6.79,74.61,grapes
21,135,205,28.04,82.36,6.36,74.28,grapes
37,63,80,18.76,14.63,7.92,71.48,chickpea
2,37,28,28.16,49.68,6.29,89.37,mango
23,5,43,22.99,88.66,5.61,111.32,pomegranate
61,67,48,43.83,90.51,6.55,219.68,papaya
26,78,24,22.66,23.52,5.83,83.43,kidneybeans
95,31,34,23.21,68.38,7.22,183.62,coffee
29,16,45,18.38,88.55,6.46,107.55,pomegranate
34,54,16,29.07,89.45,7.02,43.29,mungbean
33,50,52,40.95,91.26,6.83,152.8,papaya
33,75,21,20.2,19.0,5.89,84.43,kidneybeans
1,50,15,30.3,47.66,3.74,56.48,mothbeans
13,22,33,26.8,94.27,7.95,204.47,coconut
11,78,21,26.65,62.57,7.44,35.56,lentil
34,16,37,19.34,92.69,6.03,111.51,pomegranate
23,26,26,31.18,53.21,6.34,98.99,mango
6,72,21,27.06,63.09,6.9,43.11,lentil
34,71,20,26.26,62.9,6.86,63.2,blackgram
99,79,50,27.9,76.89,6.85,110.23,banana
102,11,52,25.6,88.09,7.17,44.3,watermelon
117,87,46,26.78,80.92,6.75,91.31,banana
112,11,52,26.83,85.28,6.81,49.22,watermelon
18,8,13,10.69,94.17,6.28,117.73,orange
61,38,23,19.61,68.05,5.86,64.97,maize
2,67,16,22.81,63.51,7.55,51.06,lentil
99,92,50,29.65,79.84,6.24,93.59,banana
39,67,24,20.89,20.63,5.64,78.29,kidneybeans
40,66,51,42.18,91.16,6.62,41.28,papaya
13,56,15,27.92,82.41,6.35,36.7,mungbean
32,26,31,26.53,92.18,6.32,189.71,coconut
107,35,17,22.94,79.22,7.8,95.17,cotton
6,18,40,24.31,94.3,6.27,107.38,pomegranate
38,59,50,41.43,90.5,6.76,197.88,papaya
73,54,16,18.68,69.56,6.24,94.42,maize
125,37,23,25.97,80.31,7.21,69.49,cotton
13,133,200,21.8,94.56,6.05,101.14,apple
31,128,196,37.17,81.54,6.49,70.66,grapes
101,23,25,24.54,55.57,6.79,126.21,coffee
89,21,30,27.49,52.99,7.65,139.76,coffee
109,8,55,26.46,82.04,6.28,42.51,watermelon
74,40,37,23.75,79.78,7.6,178.45,jute
28,55,15,34.77,62.42,7.49,72.59,blackgram
28,31,29,35.56,45.22,5.41,100.05,mango
114,57,16,25.92,81.16,5.96,87.16,cotton
91,40,35,25.71,83.53,7.19,265.69,rice
27,15,5,29.61,93.39,6.95,118.0,orange
12,133,199,27.19,80.57,7.0,69.26,grapes
58,64,25,29.85,61.79,7.84,66.91,blackgram
23,49,24,28.67,89.6,6.07,37.45,mungbean
83,18,52,26.38,85.83,7.36,58.84,watermelon
83,46,24,25.36,61.84,5.89,78.98,maize
22,58,19,19.19,66.23,6.89,50.56,lentil
24,77,19,21.07,22.42,5.8,123.24,kidneybeans
23,127,199,10.85,80.26,5.88,65.74,grapes
61,38,35,24.45,81.57,6.53,286.13,rice
22,12,6,11.25,90.58,6.14,115.21,orange
36,70,80,19.43,18.59,8.44,86.54,chickpea
9,121,199,17.83,84.04,6.7,69.57,grapes
86,25,53,27.71,91.44,7.41,28.26,muskmelon
20,129,201,23.38,91.4,6.34,117.72,apple
33,78,20,29.4,65.36,6.79,51.96,lentil
15,55,19,24.7,53.92,8.57,65.82,mothbeans
12,45,22,29.46,47.88,4.3,58.46,mothbeans
65,53,24,19.62,59.75,6.96,69.05,maize
34,77,75,19.66,19.78,7.68,93.1,chickpea
4,27,38,19.25,87.39,6.34,103.77,pomegranate
88,19,54,24.44,89.71,7.42,57.69,watermelon
17,26,11,14.8,92.91,7.01,107.97,orange
16,39,22,31.77,54.05,7.79,33.08,mothbeans
84,48,17,19.59,59.41,5.78,98.98,maize
22,73,17,32.05,53.35,7.36,94.67,pigeonpeas
36,10,41,20.84,85.41,6.19,103.98,pomegranate
26,77,21,29.38,36.26,5.92,168.8,pigeonpeas
13,125,200,8.67,83.36,6.28,73.99,grapes
7,39,23,24.34,50.48,4.51,69.57,mothbeans
30,67,16,24.58,24.6,5.89,149.22,kidneybeans
13,49,24,25.61,63.36,7.63,67.05,mothbeans
64,53,36,24.99,79.45,6.62,193.52,jute
19,129,204,21.5,90.75,6.37,116.44,apple
130,38,19,22.07,75.34,6.71,71.93,cotton
36,69,23,29.9,61.64,7.38,48.49,lentil
120,21,27,25.63,60.74,6.88,180.61,coffee
106,74,54,26.92,82.3,5.53,96.16,banana
3,126,197,22.55,83.29,5.9,65.12,grapes
35,39,16,29.15,84.75,7.27,44.58,mungbean
35,59,51,37.82,93.4,6.79,109.37,papaya
74,37,24,19.23,74.0,6.17,69.26,maize
89,24,27,25.9,65.96,7.57,145.98,coffee
89,21,53,26.96,81.8,7.15,46.78,watermelon
20,64,24,32.9,57.89,6.64,140.79,pigeonpeas
59,64,20,28.55,66.83,7.49,70.73,blackgram
3,47,21,29.49,87.83,6.42,58.52,mungbean
51,60,78,17.66,15.98,8.27,80.58,chickpea
6,67,22,22.45,55.62,6.5,107.9,pigeonpeas
62,42,43,25.24,80.92,5.63,205.57,rice
81,27,34,27.48,69.12,7.76,164.3,coffee
107,21,31,24.29,56.67,6.88,159.98,coffee
98,54,16,25.82,64.75,6.84,99.99,maize
35,10,14,18.56,92.2,7.41,111.75,orange
110,8,46,29.93,94.78,6.09,24.43,muskmelon
37,133,203,22.32,93.73,5.81,109.28,apple
63,56,51,28.61,93.23,7.49,50.3,papaya
57,55,21,32.41,64.85,6.63,74.59,blackgram
83,20,48,25.58,85.17,7.39,50.98,watermelon
50,59,80,17.04,15.48,8.18,94.75,chickpea
1,14,14,16.87,91.37,6.61,112.25,orange
20,30,40,18.41,87.62,6.37,102.35,pomegranate
41,67,50,31.68,90.36,7.21,187.6,papaya
12,133,201,23.37,93.28,6.41,110.29,apple
39,57,22,19.94,20.71,5.82,123.35,kidneybeans
2,70,22,16.14,20.69,5.73,93.21,kidneybeans
108,18,49,25.02,86.21,7.34,49.92,watermelon
70,36,45,24.36,76.24,7.81,179.25,jute
38,23,31,27.86,47.0,5.74,91.47,mango
27,13,44,24.39,87.09,5.58,111.12,pomegranate
47,57,21,32.4,62.11,7.76,60.46,blackgram
110,41,21,25.05,83.76,7.63,98.6,cotton
9,56,16,18.39,23.62,5.79,106.14,kidneybeans
21,28,31,25.86,96.83,6.57,186.2,coconut
72,43,42,24.46,84.44,6.42,167.94,rice
8,76,21,27.15,67.14,6.42,46.38,lentil
99,54,16,24.82,55.49,5.53,76.18,maize
28,58,81,20.1,17.86,7.59,66.26,chickpea
113,16,48,28.41,94.09,6.19,28.58,muskmelon
6,21,14,34.92,91.88,7.2,117.13,orange
15,18,43,20.53,90.24,6.84,104.04,pomegranate
46,60,77,17.39,17.96,8.29,72.95,chickpea
9,59,19,29.12,67.1,6.84,45.35,lentil
89,42,21,22.28,68.27,6.91,96.63,maize
34,72,21,23.92,19.3,5.54,81.56,kidneybeans
29,5,30,28.97,92.66,7.01,193.55,coconut
117,8,49,28.03,92.49,6.69,25.19,muskmelon
109,25,48,24.52,80.03,6.68,47.05,watermelon
21,43,21,26.6,40.98,5.13,30.29,mothbeans
69,36,18,23.36,56.03,6.24,89.84,maize
67,58,21,21.61,64.24,6.92,67.67,maize
3,46,18,26.75,60.86,9.11,38.36,mothbeans
45,66,81,17.67,18.42,8.59,71.5,chickpea
57,68,18,32.37,60.37,7.21,65.04,blackgram
64,36,43,24.7,89.91,6.19,192.78,jute
36,62,51,29.18,90.07,6.58,122.26,papaya
24,74,20,21.34,18.5,5.63,92.57,kidneybeans
108,7,49,28.68,90.94,6.67,26.01,muskmelon
34,17,7,14.24,90.0,7.44,102.22,orange
53,70,19,29.73,68.55,7.01,73.04,blackgram
7,71,17,26.61,67.77,7.35,47.29,lentil
83,46,22,22.38,72.47,6.85,81.09,maize
16,52,17,29.13,46.5,8.82,70.31,mothbeans
19,19,43,19.2,93.08,6.89,108.34,pomegranate
19,42,16,25.34,43.68,9.34,64.17,mothbeans
89,23,53,25.37,86.98,6.58,43.2,watermelon
111,18,51,24.6,82.87,6.24,44.99,watermelon
16,48,24,27.59,80.23,7.29,49.43,mungbean
66,42,39,23.19,83.93,5.6,227.14,rice
80,20,50,29.62,90.42,7.02,26.8,muskmelon
28,61,15,31.02,51.43,7.01,180.35,pigeonpeas
92,43,36,24.79,82.2,5.37,224.28,rice
100,22,34,25.29,52.55,6.87,125.8,coffee
9,45,23,30.59,49.62,6.25,43.65,mothbeans
31,57,76,20.58,15.15,6.97,71.8,chickpea
83,73,51,26.7,82.08,6.34,97.68,banana
1,51,20,24.83,44.31,6.91,43.34,mothbeans
35,57,75,17.54,19.78,7.65,93.97,chickpea
35,66,25,23.43,61.43,6.78,54.03,lentil
120,24,54,25.95,88.56,6.17,46.95,watermelon
12,31,26,32.89,47.83,4.5,90.52,mango
74,45,39,26.31,79.04,7.05,199.12,jute
52,52,47,25.88,94.25,7.12,79.17,papaya
19,61,24,22.02,69.52,7.07,47.63,lentil
38,64,54,38.05,94.41,7.14,121.41,papaya
84,30,54,24.23,89.33,6.54,56.89,watermelon
42,70,82,20.22,15.62,8.48,79.95,chickpea
20,51,20,27.36,83.12,7.2,56.54,mungbean
87,14,52,29.27,93.33,6.35,25.88,muskmelon
22,65,25,16.11,20.96,5.52,126.59,kidneybeans
17,36,18,29.87,89.54,6.53,36.08,mungbean
57,54,47,30.86,91.36,6.59,214.33,papaya
38,67,19,20.93,61.45,6.7,132.28,pigeonpeas
38,49,20,24.68,53.72,5.78,57.32,mothbeans
110,31,34,26.91,53.62,7.6,169.55,coffee
22,50,17,28.88,85.72,6.28,36.49,mungbean
89,18,51,26.83,81.96,6.96,56.35,watermelon
24,135,203,22.45,81.38,5.9,70.36,grapes
49,72,85,17.51,14.62,8.17,82.35,chickpea
98,23,49,24.06,81.01,6.74,53.8,watermelon
40,22,26,29.17,54.36,6.06,93.38,mango
16,9,9,31.79,91.82,7.9,118.93,orange
34,19,12,32.43,94.51,6.66,119.05,orange
90,50,45,22.62,81.43,7.61,183.54,rice
62,50,42,20.12,82.56,5.68,246.78,rice
18,131,196,32.43,81.07,5.8,69.13,grapes
70,47,17,26.89,73.88,5.56,95.28,maize
13,52,18,25.52,44.62,5.55,49.35,mothbeans
7,73,17,20.82,64.94,7.83,39.23,lentil
116,37,20,23.38,81.72,7.88,79.42,cotton
79,52,37,21.35,80.2,5.51,191.79,rice
2,144,201,23.63,93.38,6.04,112.82,apple
10,13,6,31.62,92.47,7.14,111.39,orange
34,135,195,31.64,82.09,6.35,71.49,grapes
2,72,18,34.16,65.52,5.48,189.11,pigeonpeas
22,20,30,25.5,93.19,5.63,167.59,coconut
101,18,34,27.47,53.8,6.69,167.15,coffee
32,8,6,33.05,93.76,7.18,115.38,orange
22,23,12,26.66,94.35,7.74,111.58,orange
30,76,22,16.43,23.27,5.88,119.27,kidneybeans
130,56,18,23.57,78.57,7.58,61.77,cotton
84,20,48,24.48,85.45,6.8,41.52,watermelon
111,89,47,29.61,80.93,6.07,105.06,banana
98,74,48,27.55,76.47,6.42,106.97,banana
103,28,53,28.87,91.58,6.81,20.91,muskmelon
9,6,9,13.54,93.55,7.32,100.88,orange
4,128,199,15.29,82.93,6.16,65.34,grapes
7,56,20,27.57,87.2,6.77,50.11,mungbean
16,57,18,16.11,23.66,5.97,66.51,kidneybeans
9,122,198,12.89,83.55,6.3,66.44,grapes
65,59,41,21.6,83.36,6.85,203.72,rice
70,37,44,26.3,83.17,6.02,202.38,rice
39,47,55,29.22,94.35,6.5,44.42,papaya
11,39,19,30.41,49.8,8.0,35.65,mothbeans
41,70,17,29.83,64.29,6.61,61.59,blackgram
92,42,37,25.25,84.03,7.97,211.89,rice
5,39,24,29.64,89.07,7.49,40.21,mungbean
26,59,19,21.15,18.58,5.94,132.32,kidneybeans
30,56,22,26.21,63.03,7.3,68.47,blackgram
7,40,17,28.16,80.51,6.6,47.79,mungbean
67,59,43,26.58,84.47,6.79,288.28,rice
36,76,23,18.59,68.44,6.88,41.85,lentil
100,83,48,27.27,79.71,6.56,118.22,banana
25,77,22,16.21,24.32,5.53,108.06,kidneybeans
70,44,43,20.1,80.58,5.14,156.11,rice
57,55,50,43.79,91.07,6.92,101.28,papaya
90,48,17,26.1,62.68,6.32,105.32,maize
33,66,18,17.59,19.36,5.53,90.82,kidneybeans
99,86,49,25.94,80.08,6.29,114.32,banana
28,78,76,20.27,16.28,8.63,91.04,chickpea
35,61,76,19.41,18.01,7.86,78.9,chickpea
28,16,33,31.03,51.37,5.16,97.12,mango
84,22,47,29.36,91.25,6.63,23.5,muskmelon
80,13,51,25.13,85.35,7.31,58.25,watermelon
35,79,21,33.35,67.1,6.67,71.04,blackgram
115,83,50,27.89,82.49,6.95,92.21,banana
71,40,44,23.08,89.31,6.3,190.97,jute
96,23,34,23.25,52.73,6.16,186.66,coffee
29,21,29,29.55,99.7,5.93,151.19,coconut
129,38,20,23.12,76.61,6.57,65.24,cotton
20,36,15,28.41,50.95,8.54,37.23,mothbeans
27,72,77,19.14,14.58,7.35,87.68,chickpea
23,59,17,28.41,80.91,6.94,48.76,mungbean
37,61,49,43.63,93.33,7.46,82.3,papaya
39,46,20,25.97,51.77,7.47,63.8,mothbeans
104,42,24,22.29,83.76,6.81,76.33,cotton
25,57,23,28.75,87.3,6.55,51.02,mungbean
91,18,49,28.54,93.36,6.58,22.51,muskmelon
111,71,49,27.53,80.6,6.59,100.65,banana
12,123,204,22.76,94.45,6.91,101.34,apple
92,55,36,23.46,80.29,6.65,216.23,rice
93,25,53,27.97,94.19,6.16,28.38,muskmelon
65,57,41,24.75,83.95,6.5,163.04,rice
18,56,23,29.13,81.05,7.26,51.78,mungbean
91,26,45,24.23,82.74,6.3,44.64,watermelon
101,39,24,23.84,75.78,7.9,95.16,cotton
25,65,83,18.54,17.43,7.76,70.53,chickpea
107,19,54,25.33,85.99,6.71,58.66,watermelon
20,71,24,15.19,21.34,5.84,125.04,kidneybeans
91,14,52,25.1,85.55,6.15,56.1,watermelon
34,29,27,26.55,92.4,6.4,216.89,coconut
36,57,18,20.98,69.88,6.78,49.65,lentil
26,130,197,31.43,82.83,6.79,66.17,grapes
31,22,8,23.64,90.74,6.91,117.62,orange
64,56,16,21.58,70.95,5.72,71.46,maize
65,48,43,21.51,83.11,5.26,157.75,rice
66,53,22,18.24,59.44,5.85,93.59,maize
46,77,80,19.06,16.93,8.0,69.19,chickpea
98,45,45,26.34,80.98,5.21,165.12,rice
23,44,23,30.57,51.93,5.6,46.32,mothbeans
63,49,45,23.66,83.15,7.09,218.18,rice
101,25,53,25.74,87.81,6.29,41.0,watermelon
38,16,30,25.73,95.51,5.86,188.07,coconut
88,49,15,20.94,65.35,5.63,77.53,maize
90,37,21,20.21,62.79,5.93,77.78,maize
13,77,24,22.2,60.83,7.45,41.23,lentil
53,71,21,26.28,66.5,7.97,73.68,blackgram
77,36,18,22.87,67.67,5.89,66.97,maize
88,40,36,20.1,81.75,6.77,208.84,rice
83,60,39,24.83,76.49,6.37,157.16,jute
25,15,31,28.81,95.46,7.07,218.85,coconut
19,38,25,25.72,41.68,7.07,63.25,mothbeans
22,26,30,29.58,96.28,7.6,144.09,coconut
8,13,40,24.6,94.32,5.91,105.37,pomegranate
90,39,24,25.85,55.58,6.74,66.44,maize
38,60,79,18.66,18.97,8.2,88.08,chickpea
95,21,52,24.63,88.85,6.92,48.57,watermelon
3,66,22,28.92,56.91,4.74,194.66,pigeonpeas
113,29,54,26.73,85.12,6.54,49.3,watermelon
21,57,21,21.04,68.04,7.64,54.58,lentil
114,8,51,27.43,93.52,7.36,24.35,muskmelon
95,55,38,21.2,83.34,7.79,233.51,rice
96,33,35,27.05,68.81,6.28,121.05,coffee
2,70,23,18.21,60.49,7.15,51.39,lentil
29,70,15,28.26,64.69,6.72,74.77,blackgram
95,20,51,28.1,94.52,6.75,24.65,muskmelon
74,58,23,26.69,57.49,6.6,106.92,maize
3,68,17,35.47,34.53,5.71,171.17,pigeonpeas
99,39,41,22.67,84.85,7.53,275.75,rice
23,57,18,27.74,55.48,5.97,49.24,mothbeans
82,22,54,29.41,90.92,6.44,27.17,muskmelon
115,27,55,29.6,90.01,6.57,28.19,muskmelon
17,143,205,11.61,81.17,6.93,74.58,grapes
38,24,38,22.14,92.21,7.38,113.22,pomegranate
109,7,53,26.2,86.11,7.23,48.08,watermelon
92,55,41,24.83,87.29,7.85,151.19,jute
109,56,16,24.32,83.88,6.68,89.86,cotton
114,51,24,22.74,83.4,5.8,68.6,cotton
59,79,18,30.71,69.1,6.51,72.16,blackgram
23,20,35,20.82,91.49,6.9,109.57,pomegranate
26,79,23,15.24,24.29,5.89,130.23,kidneybeans
50,58,83,20.13,18.25,6.11,74.09,chickpea
70,61,50,39.08,94.2,7.31,43.47,papaya
49,75,77,19.02,19.04,8.2,81.27,chickpea
100,24,46,24.76,87.32,6.25,47.03,watermelon
94,6,53,29.73,94.1,6.19,29.98,muskmelon
73,55,15,21.0,62.96,6.31,105.99,maize
117,20,30,26.18,60.44,6.87,131.32,coffee
18,41,23,28.54,83.21,6.89,59.89,mungbean
20,65,80,17.08,15.56,8.28,69.11,chickpea
34,65,54,38.89,94.11,6.72,95.35,papaya
107,27,25,26.28,66.84,7.44,185.55,coffee
86,49,39,26.91,83.03,5.71,165.27,rice
105,23,52,28.41,91.94,6.56,26.4,muskmelon
80,49,40,21.37,83.61,5.84,153.65,rice
81,50,41,25.62,76.15,6.25,188.04,jute
100,43,17,24.36,77.54,6.15,79.53,cotton
30,73,20,19.23,44.84,7.26,154.29,pigeonpeas
41,71,17,27.12,60.41,6.98,68.4,blackgram
86,7,51,28.42,94.54,6.54,22.87,muskmelon
31,24,27,28.64,97.48,6.49,149.99,coconut
75,59,42,24.19,80.78,5.47,158.71,rice
14,13,5,24.96,94.27,6.76,114.8,orange
30,28,33,27.3,48.67,5.21,94.37,mango
10,37,34,28.77,51.14,4.76,93.7,mango
97,24,47,27.66,90.81,6.56,28.47,muskmelon
94,59,36,26.49,82.46,5.77,218.87,rice
34,133,197,22.57,92.78,6.61,105.5,apple
29,58,19,27.36,85.12,6.52,44.37,mungbean
60,59,49,29.49,92.51,6.84,198.97,papaya
99,88,46,25.97,77.15,6.61,95.67,banana
26,69,24,30.83,67.18,7.06,61.39,blackgram
104,17,54,27.1,93.22,7.14,27.59,muskmelon
9,121,202,23.55,92.17,6.89,114.76,apple
8,14,27,25.53,99.07,7.99,145.59,coconut
38,65,53,26.05,92.32,7.27,110.84,papaya
17,56,20,29.92,34.74,5.37,133.76,pigeonpeas
85,50,45,26.55,78.22,6.74,164.84,jute
8,120,197,23.04,91.16,6.26,122.2,apple
12,133,199,21.82,90.66,6.73,124.9,apple
68,39,17,25.33,68.3,6.28,77.94,maize
36,55,24,27.6,82.84,6.43,44.43,mungbean
33,122,204,23.96,90.44,5.94,109.31,apple
24,58,15,28.91,62.7,7.64,54.99,lentil
0,140,197,28.61,81.68,6.38,68.16,grapes
63,53,36,25.75,83.53,5.24,162.73,rice
102,22,48,25.44,86.17,6.61,43.97,watermelon
19,77,24,19.05,69.36,7.65,50.83,lentil
25,123,198,23.51,91.64,6.23,123.53,apple
38,121,200,27.86,84.6,5.57,70.73,grapes
29,75,78,20.29,16.54,8.0,67.87,chickpea
97,40,21,26.24,55.68,6.55,74.87,maize
93,89,55,27.19,83.61,6.35,94.72,banana
0,61,22,18.16,18.71,5.68,84.34,kidneybeans
17,21,13,10.14,94.96,6.37,109.4,orange
5,22,27,31.1,54.08,4.81,97.64,mango
101,30,32,23.13,61.41,7.77,116.48,coffee
36,58,47,38.62,92.64,6.91,96.45,papaya
18,134,200,9.3,83.08,6.74,66.58,grapes
5,125,196,27.53,83.11,6.26,73.17,grapes
18,13,28,26.06,92.66,5.74,162.95,coconut
121,48,23,23.26,79.82,7.92,86.89,cotton
74,42,40,20.99,84.01,5.22,298.03,rice
22,62,19,34.12,56.66,6.86,139.98,pigeonpeas
34,71,17,32.49,65.46,6.81,64.38,blackgram
56,71,81,17.27,17.11,6.45,87.12,chickpea
20,68,21,20.05,61.98,6.64,46.87,lentil
18,65,18,15.66,19.6,5.62,103.57,kidneybeans
5,140,201,23.85,91.7,5.66,112.66,apple
22,16,44,22.72,85.65,6.43,103.6,pomegranate
37,24,42,23.77,91.48,7.44,110.71,pomegranate
79,53,38,24.26,71.21,7.37,178.39,jute
107,30,47,28.87,92.3,6.06,20.14,muskmelon
21,59,16,18.34,36.63,7.17,116.57,pigeonpeas
98,48,42,23.4,77.61,7.54,185.35,jute
67,49,38,24.29,77.03,6.13,199.3,jute
9,33,25,27.85,45.07,4.96,89.83,mango
37,19,42,24.32,85.99,5.96,110.63,pomegranate
19,56,16,26.68,41.68,9.35,66.76,mothbeans
21,66,23,33.85,60.87,7.31,73.7,blackgram
96,43,39,20.66,82.89,5.11,219.84,rice
13,69,21,22.28,64.47,7.93,42.55,lentil
39,74,18,28.18,69.25,6.58,67.28,blackgram
29,51,24,30.57,54.17,7.44,70.43,mothbeans
10,133,199,23.25,84.9,6.03,69.52,grapes
115,7,47,26.09,84.09,7.31,45.96,watermelon
33,40,20,29.4,81.8,6.16,57.09,mungbean
130,46,21,24.75,80.13,6.69,85.8,cotton
33,68,52,29.92,91.95,7.24,166.31,papaya
94,11,49,24.06,87.72,6.26,40.88,watermelon
31,27,31,31.11,53.94,5.99,99.1,mango
109,93,54,29.73,77.45,5.7,99.07,banana
0,68,15,17.76,22.95,5.53,135.54,kidneybeans
28,44,24,29.18,81.13,6.61,57.16,mungbean
90,8,48,27.53,90.14,7.36,20.08,muskmelon
37,15,27,26.43,94.55,6.23,152.19,coconut
16,76,23,20.74,24.69,5.6,69.83,kidneybeans
13,8,44,22.45,86.65,6.36,104.31,pomegranate
32,66,22,31.93,69.87,6.84,69.93,blackgram
55,71,24,31.24,61.31,6.96,63.03,blackgram
108,27,47,26.75,88.15,7.47,57.61,watermelon
82,87,54,25.81,83.12,6.78,117.43,banana
33,13,39,20.22,89.67,6.07,114.42,pomegranate
90,25,34,27.69,69.85,7.92,115.51,coffee
43,54,52,32.81,94.06,6.66,205.89,papaya
78,44,40,25.99,88.04,6.1,176.21,jute
2,13,30,26.02,93.01,6.0,203.55,coconut
35,11,6,25.68,91.68,7.34,100.64,orange
9,23,33,27.06,97.46,6.51,194.44,coconut
115,25,54,24.3,82.65,6.74,56.93,watermelon
38,137,204,22.66,93.0,6.97,116.05,apple
64,46,49,30.77,91.42,7.41,197.69,papaya
87,17,53,29.85,93.17,6.53,26.03,muskmelon
119,5,52,27.76,90.2,6.6,29.35,muskmelon
118,45,21,22.97,75.52,7.85,67.47,cotton
7,140,203,12.32,81.99,5.76,67.55,grapes
80,56,39,26.94,85.41,7.93,175.72,jute
88,40,44,26.71,89.52,7.88,163.59,jute
9,135,199,23.26,82.69,5.81,66.56,grapes
6,61,23,20.51,60.73,7.41,43.05,lentil
82,57,39,20.94,80.14,7.27,243.05,rice
27,21,26,27.53,48.05,4.97,91.09,mango
39,62,18,22.25,65.65,6.5,53.31,lentil
4,132,197,21.63,93.31,6.87,110.09,apple
20,38,25,27.75,80.73,6.99,49.88,mungbean
37,8,30,26.29,97.55,7.3,143.38,coconut
90,38,44,23.54,84.13,5.96,284.33,rice
93,60,20,19.55,60.45,5.53,105.71,maize
8,20,32,28.98,49.39,6.85,98.41,mango
36,28,35,18.53,87.5,6.84,113.32,pomegranate
129,59,24,25.05,80.2,6.01,81.81,cotton
37,79,17,28.5,67.37,6.51,36.35,lentil
109,9,54,29.68,93.27,7.01,20.05,muskmelon
13,19,12,11.06,90.06,6.92,102.64,orange
7,128,199,18.52,81.4,6.96,66.53,grapes
39,46,18,30.39,48.16,5.3,40.46,mothbeans
101,36,26,25.63,60.79,7.72,123.3,coffee
36,70,23,24.84,20.02,5.98,95.05,kidneybeans
5,55,23,23.07,18.84,5.63,61.58,kidneybeans
90,76,50,29.43,78.78,6.62,92.9,banana
95,26,55,25.32,83.93,7.27,48.54,watermelon
33,60,16,28.22,61.57,7.95,51.85,lentil
5,79,25,19.96,62.99,6.2,40.43,lentil
110,29,26,23.93,54.39,6.52,163.06,coffee
30,75,20,20.53,56.85,6.36,171.65,pigeonpeas
42,56,53,26.39,91.46,7.18,106.25,papaya
68,53,52,24.68,91.21,7.27,151.02,papaya
32,12,5,22.39,90.5,7.51,105.52,orange
9,57,18,27.66,81.38,7.29,47.5,mungbean
80,54,22,22.01,60.47,7.0,81.31,maize
108,10,51,27.76,94.78,6.04,22.0,muskmelon
28,26,26,33.37,45.31,7.11,90.66,mango
88,53,39,22.06,84.05,7.43,280.06,rice
43,64,21,25.68,68.97,6.68,64.92,blackgram
89,57,40,23.72,80.54,6.34,229.89,rice
73,54,17,25.36,71.64,6.26,60.32,maize
10,131,195,29.78,82.07,5.91,67.07,grapes
31,68,18,19.82,62.85,6.75,50.13,lentil
88,45,43,25.71,83.96,7.07,194.26,jute
119,51,16,23.01,84.19,7.17,60.54,cotton
110,31,27,23.26,63.66,6.5,157.47,coffee
86,72,53,28.76,82.53,6.57,110.08,banana
26,39,32,27.47,53.84,7.09,94.32,mango
86,12,48,25.57,86.64,6.57,54.39,watermelon
6,7,11,12.84,90.69,6.6,105.63,orange
98,21,46,24.57,88.59,6.38,47.6,watermelon
13,48,23,31.92,62.24,5.73,38.78,mothbeans
35,71,17,33.53,65.44,5.09,171.12,pigeonpeas
109,46,17,24.38,77.51,6.33,78.85,cotton
137,58,20,23.22,79.6,5.97,85.45,cotton
15,129,205,22.33,93.78,6.63,106.64,apple
5,69,18,22.29,22.57,5.92,122.32,kidneybeans
134,50,20,23.63,79.97,5.6,95.71,cotton
35,34,34,31.45,46.31,6.59,91.47,mango
89,57,44,25.46,83.21,5.25,174.24,rice
38,133,204,23.12,93.61,5.63,105.5,apple
34,131,199,13.33,82.13,6.31,65.23,grapes
34,130,202,22.67,94.26,5.97,113.09,apple
31,71,18,34.98,62.64,6.92,73.96,blackgram
29,10,39,21.51,92.25,5.73,106.1,pomegranate
48,57,52,25.13,91.64,6.58,55.41,papaya
97,38,24,24.19,56.36,5.95,95.41,maize
11,29,34,25.42,95.17,6.06,169.02,coconut
17,28,27,32.97,53.53,5.27,94.9,mango
7,129,199,22.05,93.82,5.65,108.78,apple
11,134,199,40.22,80.63,6.96,67.31,grapes
27,25,6,16.27,94.47,7.43,112.79,orange
18,21,41,23.2,87.8,6.63,101.32,pomegranate
24,78,24,24.15,51.11,5.13,199.52,pigeonpeas
32,11,36,18.92,93.59,6.77,103.8,pomegranate
82,93,50,28.07,79.82,5.64,113.04,banana
116,94,54,25.55,84.47,6.14,90.28,banana
23,49,20,24.56,42.25,7.11,45.34,mothbeans
35,79,22,25.83,68.63,7.22,61.03,blackgram
11,40,23,29.73,83.7,7.13,57.42,mungbean
60,78,80,20.37,17.13,7.87,67.67,chickpea
57,70,20,27.5,63.43,7.78,68.39,blackgram
109,36,29,25.82,54.55,7.24,116.03,coffee
102,38,24,24.21,82.96,6.33,83.71,cotton
23,39,30,35.15,45.83,5.07,94.29,mango
55,58,49,35.46,91.17,7.44,163.65,papaya
18,25,13,32.99,92.67,6.2,111.77,orange
117,56,15,22.45,84.91,6.2,99.02,cotton
18,20,37,23.63,94.67,6.04,107.42,pomegranate
32,145,198,22.85,82.6,5.94,65.15,grapes
120,85,49,26.13,77.57,6.22,101.02,banana
85,48,24,25.1,58.03,5.97,72.42,maize
5,11,30,29.0,90.36,7.96,173.22,coconut
15,49,16,27.41,60.81,8.33,40.09,mothbeans
8,35,33,31.38,47.98,6.41,92.46,mango
12,33,34,28.73,45.98,7.19,93.2,mango
6,131,199,22.73,92.92,6.62,112.75,apple
91,23,49,29.03,92.38,7.49,27.29,muskmelon
23,78,21,20.09,63.79,7.69,47.88,lentil
28,15,36,22.66,90.25,6.78,105.07,pomegranate
82,77,52,27.67,84.44,6.09,110.82,banana
4,137,198,22.92,93.04,5.73,105.17,apple
6,9,14,19.82,90.02,6.55,111.95,orange
36,69,45,43.53,90.02,7.37,104.54,papaya
5,59,22,25.71,67.83,7.87,48.84,lentil
128,46,20,22.59,76.4,6.96,99.4,cotton
80,20,33,26.35,67.89,6.11,165.74,coffee
2,19,26,29.52,99.07,7.25,217.99,coconut
6,59,23,25.4,60.45,7.25,41.18,lentil
26,136,197,21.09,92.17,6.35,121.92,apple
100,21,55,27.17,92.87,7.29,24.81,muskmelon
47,78,21,26.26,65.82,7.65,66.1,blackgram
54,72,19,34.53,67.19,7.9,67.91,blackgram
33,72,16,23.21,42.39,5.25,146.65,pigeonpeas
55,71,78,20.26,19.17,8.54,92.57,chickpea
79,45,38,20.39,84.32,7.44,299.96,rice
129,40,24,25.31,76.64,7.68,70.89,cotton
24,70,21,22.36,58.56,4.77,111.92,pigeonpeas
38,68,17,20.01,22.76,5.54,84.72,kidneybeans
69,36,22,21.32,72.29,6.21,108.41,maize
86,94,47,27.44,78.64,6.46,93.87,banana
88,54,40,26.7,86.5,7.69,183.65,jute
14,9,5,19.64,94.52,6.48,104.13,orange
38,61,46,29.58,90.75,7.08,178.97,papaya
9,13,35,27.6,94.01,6.8,204.0,coconut
16,41,16,26.52,42.42,4.56,74.43,mothbeans
96,44,36,21.0,83.81,6.85,165.17,rice
17,133,199,33.19,83.92,6.64,72.23,grapes
5,59,20,18.98,61.96,7.89,54.53,lentil
55,46,51,26.21,94.15,6.86,99.13,papaya
58,55,77,17.03,17.88,8.69,72.3,chickpea
38,59,78,18.74,14.53,6.66,82.95,chickpea
23,142,202,22.43,94.27,6.21,121.72,apple
91,22,53,24.92,80.36,7.4,46.9,watermelon
94,43,37,23.9,84.68,7.09,235.51,rice
61,63,46,35.21,90.65,7.47,210.4,papaya
5,59,18,28.99,87.52,7.22,58.64,mungbean
64,55,37,23.15,73.71,7.53,170.26,jute
67,57,48,25.98,90.02,7.03,62.5,papaya
39,28,37,18.85,85.85,7.32,102.9,pomegranate
28,126,201,22.6,90.69,6.39,107.87,apple
95,44,41,24.73,79.18,7.94,164.81,jute
28,58,17,32.69,64.26,7.35,60.32,blackgram
87,37,15,20.32,64.25,6.8,96.36,maize
21,24,41,21.87,86.15,5.75,107.94,pomegranate
38,63,19,27.1,67.64,7.13,101.28,pigeonpeas
97,12,54,28.81,93.07,6.8,20.92,muskmelon
0,58,23,29.23,81.68,6.18,36.69,mungbean
31,62,19,34.99,60.55,7.37,61.24,blackgram
95,48,35,25.87,72.2,7.58,158.41,jute
1,10,32,26.63,96.68,7.29,185.21,coconut
54,62,19,25.4,64.49,7.37,68.56,blackgram
140,40,16,22.57,81.61,7.15,93.92,cotton
91,18,51,26.78,86.45,6.62,58.61,watermelon
3,79,20,25.37,62.44,7.01,126.54,pigeonpeas
110,78,48,29.19,75.72,6.82,97.7,banana
6,129,199,22.53,94.65,6.81,103.36,apple
28,122,204,21.65,91.02,5.77,100.35,apple
15,71,16,27.88,62.35,7.3,43.1,lentil
65,50,55,26.0,90.51,6.61,160.36,papaya
5,57,25,27.53,87.22,6.06,45.14,mungbean
88,58,22,19.37,66.53,6.41,81.21,maize
12,63,22,32.7,37.26,5.61,189.21,pigeonpeas
89,30,25,27.66,60.46,6.09,144.11,coffee
18,24,10,15.7,91.0,6.85,115.11,orange
13,23,44,24.57,93.05,7.2,108.26,pomegranate
19,40,22,28.67,83.59,7.37,35.52,mungbean
81,27,26,23.93,61.21,7.73,190.04,coffee
79,50,39,23.24,83.74,5.11,187.87,rice
27,60,17,21.38,64.11,6.47,35.39,lentil
36,27,34,26.35,90.35,6.15,156.48,coconut
98,25,31,25.46,56.07,7.12,171.91,coffee
25,62,23,29.72,62.27,6.75,64.99,blackgram
14,56,15,25.62,33.38,6.32,186.91,pigeonpeas
7,137,201,29.88,80.44,6.84,68.89,grapes
93,12,50,24.07,80.8,6.63,58.86,watermelon
5,15,6,12.47,92.08,6.61,118.51,orange
63,44,36,26.04,83.12,5.99,159.53,rice
32,66,20,19.33,18.31,5.58,100.1,kidneybeans
37,73,83,17.64,17.66,6.41,87.54,chickpea
106,33,31,23.72,58.91,6.71,157.13,coffee
117,79,49,26.92,83.37,6.48,108.43,banana
19,27,33,34.39,50.54,5.04,94.61,mango
104,19,52,28.49,90.16,6.92,27.16,muskmelon
9,15,11,28.88,94.51,7.83,115.53,orange
93,55,41,24.46,76.08,6.02,191.68,jute
72,36,44,25.34,75.96,6.3,191.48,jute
116,11,48,27.16,93.98,6.63,22.29,muskmelon
32,53,21,27.47,85.47,6.13,44.43,mungbean
118,56,17,23.06,79.45,7.28,75.04,cotton
38,138,200,22.71,93.46,6.39,121.97,apple
116,21,31,26.22,53.37,7.95,156.49,coffee
16,49,17,29.07,81.68,6.47,47.58,mungbean
15,74,23,22.8,69.47,6.81,50.44,lentil
80,28,51,27.97,91.23,6.01,22.35,muskmelon
81,50,21,18.82,72.55,5.9,66.48,maize
20,80,16,21.64,66.38,6.7,53.57,lentil
39,18,34,27.04,99.99,6.95,134.02,coconut
20,79,82,18.41,15.78,7.05,88.24,chickpea
27,72,19,20.94,18.07,5.82,142.2,kidneybeans
96,28,33,27.39,52.08,6.77,180.97,coffee
81,81,54,26.51,75.95,6.64,108.18,banana
7,56,18,31.42,64.25,6.93,36.44,mothbeans
109,11,45,26.15,81.71,6.16,44.75,watermelon
83,71,47,29.41,79.16,6.58,117.55,banana
43,64,23,27.38,62.24,7.26,63.91,blackgram
118,18,32,27.25,69.09,6.42,157.83,coffee
1,70,18,26.1,68.3,5.7,182.38,pigeonpeas
69,60,43,26.16,76.6,7.07,156.86,jute
26,66,20,27.59,63.16,6.63,64.55,blackgram
9,130,204,32.63,82.02,5.82,68.56,grapes
10,126,195,12.43,81.55,5.68,74.86,grapes
70,62,52,23.8,93.03,6.98,62.21,papaya
8,15,31,29.85,54.73,5.08,93.15,mango
17,50,25,30.16,49.95,8.47,37.68,mothbeans
99,41,42,25.33,81.19,7.18,205.17,rice
30,65,20,19.92,22.04,5.93,148.27,kidneybeans
13,132,199,37.36,84.65,5.96,73.64,grapes
108,23,52,24.0,89.54,7.22,58.08,watermelon
33,27,9,10.44,94.31,6.35,112.44,orange
110,58,16,23.71,80.32,7.75,99.91,cotton
33,76,24,19.31,20.23,5.79,93.41,kidneybeans
16,57,23,23.14,47.31,6.56,126.57,pigeonpeas
26,73,15,21.92,56.47,5.95,90.58,pigeonpeas
57,57,84,18.41,14.61,7.46,72.7,chickpea
33,29,44,22.2,90.3,5.56,103.7,pomegranate
27,141,195,21.7,84.54,6.61,70.43,grapes
34,22,27,25.95,99.27,5.58,173.94,coconut
105,84,52,26.68,82.65,6.15,104.53,banana
12,19,42,20.65,88.03,6.42,112.27,pomegranate
81,50,42,23.02,80.64,5.85,204.46,rice
112,76,54,29.55,84.43,6.28,110.31,banana
84,80,48,27.85,83.61,5.62,92.18,banana
87,87,50,26.0,78.2,6.39,92.17,banana
109,46,21,25.55,78.26,5.83,79.57,cotton
117,20,52,25.21,89.09,6.96,55.38,watermelon
8,41,18,28.93,86.01,7.04,44.06,mungbean
29,31,31,29.54,48.78,4.81,97.63,mango
2,15,40,21.05,92.49,7.16,111.57,pomegranate
112,9,45,28.89,94.88,6.5,21.19,muskmelon
9,15,10,30.26,94.2,7.82,110.18,orange
69,36,15,26.89,63.56,6.08,93.98,maize
104,93,52,27.07,81.9,6.02,98.32,banana
79,56,43,26.66,75.96,7.9,157.58,jute
112,38,29,24.83,66.04,7.06,173.18,coffee
38,68,15,31.39,60.81,7.15,64.39,blackgram
12,40,23,26.02,61.64,4.12,35.67,mothbeans
101,5,48,29.03,92.42,7.47,28.74,muskmelon
50,70,24,25.5,62.57,7.2,63.4,blackgram
29,139,196,25.47,81.16,5.77,73.1,grapes
19,126,200,9.04,80.66,6.83,72.52,grapes
123,58,23,25.58,75.12,7.91,78.94,cotton
3,145,196,10.46,84.39,5.95,71.5,grapes
2,65,16,18.4,44.42,6.85,152.28,pigeonpeas
14,28,14,16.05,93.99,6.87,118.35,orange
39,59,19,29.83,48.65,7.53,66.24,mothbeans
18,35,33,32.89,47.28,5.32,92.78,mango
68,41,37,24.58,83.08,6.88,188.8,jute
35,19,30,32.45,51.92,5.65,99.43,mango
36,66,20,18.92,66.71,7.64,39.89,lentil
16,43,20,30.1,43.15,4.68,72.82,mothbeans
22,47,24,27.22,82.81,6.52,54.56,mungbean
61,54,45,30.63,93.05,6.62,234.05,papaya
1,25,9,24.51,90.37,6.35,117.79,orange
106,70,52,28.09,78.1,5.63,92.73,banana
2,25,33,26.19,93.24,6.7,186.68,coconut
5,19,35,33.24,53.01,5.69,93.04,mango
42,58,22,32.95,61.63,6.66,62.18,blackgram
65,58,24,22.67,66.83,6.1,62.74,maize
94,11,52,29.31,91.22,6.07,28.49,muskmelon
36,76,16,34.35,67.51,7.91,70.15,blackgram
63,37,39,26.26,87.76,6.49,178.72,jute
82,91,45,26.84,80.42,5.72,112.39,banana
16,5,7,26.31,93.06,7.58,105.08,orange
7,80,23,21.38,60.7,6.11,37.41,lentil
67,47,19,26.23,62.25,6.37,91.61,maize
20,43,19,28.94,87.45,6.35,45.13,mungbean
119,54,17,22.88,84.47,7.89,99.62,cotton
113,59,17,23.24,80.1,7.66,76.67,cotton
84,32,25,26.09,52.81,7.89,194.31,coffee
39,40,23,28.0,87.31,6.63,49.46,mungbean
18,70,21,15.72,22.78,5.62,124.26,kidneybeans
44,68,78,19.26,18.13,8.62,84.09,chickpea
39,45,16,29.02,87.29,6.86,40.17,mungbean
3,19,40,19.01,89.42,6.17,107.83,pomegranate
36,65,21,23.16,64.38,6.62,50.24,lentil
20,69,17,27.53,64.86,6.67,37.14,lentil
86,42,45,25.17,82.77,6.84,212.94,rice
90,28,46,26.95,88.6,7.03,58.77,watermelon
95,43,41,23.31,75.16,6.19,165.76,jute
31,17,38,23.68,93.67,6.85,100.7,pomegranate
22,57,15,19.23,64.1,7.87,47.75,lentil
31,73,16,25.49,63.86,7.03,64.73,blackgram
31,134,198,12.63,84.44,6.21,73.78,grapes
22,37,26,34.4,47.1,5.68,92.8,mango
84,36,41,21.19,80.33,7.85,294.84,rice
84,37,42,26.98,86.38,7.11,174.24,jute
113,94,53,28.02,79.93,5.56,119.53,banana
126,38,17,22.99,84.74,6.49,83.96,cotton
91,54,43,23.02,80.02,7.41,157.77,jute
37,66,81,20.77,15.44,6.36,70.92,chickpea
39,29,27,25.91,95.66,7.09,200.24,coconut
22,50,24,28.73,83.45,7.2,48.51,mungbean
30,78,19,22.66,47.38,6.67,91.0,pigeonpeas
100,92,47,25.39,78.56,6.62,106.52,banana
96,75,46,27.95,84.89,5.75,91.4,banana
23,66,20,18.09,64.23,7.44,43.85,lentil
4,53,18,27.02,84.03,6.35,55.47,mungbean
67,56,54,32.43,94.9,7.46,109.12,papaya
35,66,17,15.13,21.92,5.76,124.74,kidneybeans
113,8,50,26.09,85.87,7.25,41.45,watermelon
31,27,31,29.84,99.96,5.79,210.71,coconut
36,72,21,16.11,21.13,5.73,137.81,kidneybeans
85,57,21,20.1,55.49,6.81,61.06,maize
11,36,28,35.76,54.8,5.3,89.49,mango
5,132,204,14.32,84.89,6.99,70.56,grapes
12,41,19,25.92,56.81,8.46,60.29,mothbeans
69,65,47,28.83,91.65,7.15,198.97,papaya
23,11,13,17.74,94.61,7.31,108.73,orange
80,56,42,21.14,80.35,6.93,153.98,rice
14,9,31,28.33,97.13,7.7,165.26,coconut
53,61,17,30.05,67.69,6.59,68.65,blackgram
19,75,19,27.56,65.95,7.77,43.22,lentil
81,17,50,24.96,81.32,6.56,53.45,watermelon
4,33,34,29.31,45.21,5.17,89.68,mango
17,27,29,30.27,45.52,6.56,94.23,mango
3,77,19,27.75,68.72,4.7,161.31,pigeonpeas
13,7,40,18.4,86.11,5.94,106.97,pomegranate
27,41,23,29.28,83.13,6.62,40.24,mungbean
10,66,21,15.73,22.36,5.99,77.11,kidneybeans
20,54,20,27.87,60.96,5.67,68.69,mothbeans
35,15,28,26.17,95.33,5.79,182.18,coconut
32,56,21,24.95,23.99,5.76,65.73,kidneybeans
74,59,38,23.63,83.52,6.09,295.77,rice
20,43,16,29.86,80.6,6.45,42.45,mungbean
97,46,45,26.75,84.27,5.88,207.76,rice
11,28,42,22.04,91.48,5.56,109.27,pomegranate
94,41,39,24.99,80.67,7.32,152.08,jute
8,62,22,29.59,69.16,7.01,50.9,lentil
1,46,17,24.4,58.11,4.17,57.37,mothbeans
14,71,17,21.45,66.73,4.81,145.66,pigeonpeas
11,6,42,18.23,90.95,6.58,114.53,pomegranate
33,38,22,28.25,47.2,6.46,43.5,mothbeans
39,65,24,33.94,63.36,7.42,73.9,blackgram
37,65,49,24.96,92.42,6.59,67.08,papaya
107,21,29,23.08,53.03,6.18,135.38,coffee
81,92,47,26.14,77.8,5.69,109.18,banana
29,35,32,32.31,49.5,7.08,100.48,mango
60,56,82,20.93,15.44,6.43,68.64,chickpea
84,20,50,29.82,90.61,6.32,20.3,muskmelon
16,19,30,34.21,49.42,5.97,99.19,mango
44,78,17,32.52,65.68,6.91,67.12,blackgram
112,22,45,28.28,90.99,7.37,21.75,muskmelon
2,76,21,28.14,54.98,7.09,154.56,pigeonpeas
69,59,23,18.8,63.35,6.82,107.24,maize
13,15,11,25.59,92.41,6.8,119.72,orange
4,29,43,21.22,87.24,7.37,105.17,pomegranate
15,30,15,12.87,93.63,6.1,100.6,orange
8,75,24,21.47,69.52,6.1,38.0,lentil
112,19,45,25.29,84.08,6.17,53.52,watermelon
19,45,23,27.44,85.06,6.09,36.78,mungbean
35,10,33,27.28,93.28,5.9,145.92,coconut
13,39,23,27.37,86.35,6.19,36.76,mungbean
18,26,31,26.46,94.21,7.27,222.46,coconut
9,55,24,24.76,51.25,5.52,69.18,mothbeans
35,58,19,24.4,40.98,6.94,47.68,mothbeans
50,69,47,38.11,93.07,7.18,113.76,papaya
26,19,26,25.56,90.72,7.36,197.63,coconut
82,55,44,22.23,80.55,5.68,214.07,rice
70,53,24,25.47,62.94,6.5,70.25,maize
103,15,54,26.33,82.85,7.27,48.65,watermelon
23,128,198,29.93,84.26,6.41,73.53,grapes
95,27,29,26.25,57.12,7.93,194.57,coffee
29,20,38,20.88,87.18,7.43,101.96,pomegranate
3,28,45,18.54,90.32,6.11,105.89,pomegranate
26,63,82,18.9,16.26,7.18,78.78,chickpea
82,53,17,26.97,74.5,6.48,69.98,maize
36,28,27,35.3,52.57,6.7,97.51,mango
23,24,36,19.6,93.82,5.54,111.29,pomegranate
10,45,16,27.44,82.98,6.13,57.77,mungbean
132,40,17,23.36,78.18,7.89,91.56,cotton
30,46,19,29.8,82.51,6.18,49.61,mungbean
71,55,18,22.1,55.23,5.61,79.62,maize
36,62,25,16.41,19.41,5.59,140.46,kidneybeans
24,72,23,32.45,68.44,6.11,143.73,pigeonpeas
65,43,41,23.75,86.01,7.94,160.74,jute
101,19,25,25.12,52.74,6.32,121.54,coffee
102,59,23,23.96,75.87,6.98,90.35,cotton
61,47,44,24.45,88.65,7.26,196.71,jute
109,46,25,25.4,76.45,5.57,97.34,cotton
7,52,17,25.75,61.85,5.0,41.85,mothbeans
87,16,53,25.39,85.38,7.49,47.98,watermelon
100,80,52,27.1,84.61,6.4,114.22,banana
7,60,24,31.5,66.33,6.78,155.69,pigeonpeas
74,36,25,25.95,73.56,6.99,68.69,maize
33,128,197,16.93,82.52,6.62,70.03,grapes
31,26,33,32.57,46.13,4.97,94.24,mango
97,55,41,26.1,84.02,5.56,283.88,rice
23,142,204,22.35,90.08,6.14,115.15,apple
102,94,49,26.63,81.07,6.9,115.11,banana
109,40,28,27.16,63.95,7.38,142.7,coffee
32,43,17,24.68,51.67,6.39,67.84,mothbeans
8,125,195,21.9,93.74,6.69,105.06,apple
34,40,25,28.13,83.39,6.09,47.15,mungbean
115,54,24,25.02,77.27,7.72,75.5,cotton
2,11,29,28.65,96.24,6.09,177.81,coconut
86,82,52,29.33,81.26,6.5,93.79,banana
108,49,23,25.07,83.03,7.7,97.51,cotton
36,121,202,23.28,94.77,5.58,114.92,apple
33,26,39,18.63,89.38,5.96,104.37,pomegranate
103,16,30,26.05,53.83,6.55,169.43,coffee
52,66,80,17.53,14.48,8.18,79.89,chickpea
33,14,6,26.84,90.04,6.95,103.86,orange
38,56,19,33.26,67.01,7.19,60.83,blackgram
123,56,17,25.14,80.96,7.73,66.88,cotton
24,56,81,19.43,17.28,6.7,76.73,chickpea
97,57,38,24.62,84.09,6.67,229.45,rice
98,46,43,26.77,87.54,6.42,174.8,jute
47,47,45,37.6,92.19,7.05,157.11,papaya
38,62,16,28.78,54.95,6.45,119.41,pigeonpeas
100,25,33,26.82,52.68,6.18,192.19,coffee
89,12,47,26.16,87.7,6.69,54.28,watermelon
34,57,80,17.27,18.8,6.7,81.2,chickpea
64,50,45,20.98,82.59,7.63,261.12,rice
36,27,13,24.09,90.6,7.06,107.14,orange
56,73,21,32.98,68.64,7.19,67.13,blackgram
120,71,52,27.21,84.49,5.87,105.96,banana
84,10,50,24.06,82.53,6.78,40.3,watermelon
35,67,16,24.98,62.14,7.21,112.38,pigeonpeas
112,52,21,23.75,80.4,5.99,77.23,cotton
61,51,39,25.69,81.77,6.45,192.36,jute
105,21,26,23.0,62.17,6.72,178.95,coffee
34,39,24,27.04,85.12,7.15,58.37,mungbean
112,83,48,25.31,76.62,6.84,110.58,banana
14,52,20,28.26,83.58,6.89,49.39,mungbean
62,59,38,26.49,77.78,6.24,154.02,jute
18,140,202,29.6,84.55,5.53,70.57,grapes
8,27,32,33.93,50.0,5.42,100.68,mango
96,26,45,27.51,90.15,6.49,29.08,muskmelon
10,138,196,23.87,90.97,6.82,120.24,apple
126,44,18,24.31,84.34,5.59,90.77,cotton
103,25,48,26.15,81.35,6.44,42.89,watermelon
112,26,26,25.17,59.15,7.1,123.97,coffee
11,63,16,25.87,60.4,7.2,52.39,lentil
16,24,14,20.34,92.12,7.41,118.86,orange
96,59,24,25.29,68.1,6.33,64.35,maize
49,51,52,34.88,90.39,6.66,121.49,papaya
27,25,41,23.19,91.62,6.21,112.13,pomegranate
62,48,53,24.44,90.06,7.4,162.08,papaya
28,20,25,28.81,46.79,5.51,94.02,mango
39,80,22,20.92,67.99,6.21,50.61,lentil
62,53,53,38.94,91.49,6.93,79.05,papaya
131,46,24,22.6,77.79,5.73,68.44,cotton
32,67,19,19.3,68.76,7.57,38.36,lentil
121,45,25,23.34,82.79,7.64,77.42,cotton
17,24,42,24.93,87.78,6.5,104.94,pomegranate
38,29,33,26.82,90.73,6.92,183.07,coconut
77,53,17,18.99,62.09,5.93,74.82,maize
83,42,43,21.31,81.62,6.28,226.14,rice
73,43,41,23.73,75.7,6.83,167.68,jute
17,46,22,28.59,56.68,8.16,68.8,mothbeans
6,31,32,35.39,47.79,7.35,89.76,mango
24,125,198,13.9,84.79,6.78,67.3,grapes
128,50,16,25.85,76.23,6.14,92.55,cotton
1,9,31,28.52,92.02,7.17,147.34,coconut
67,37,22,23.17,71.84,5.71,99.76,maize
87,8,51,27.28,93.77,6.03,22.49,muskmelon
105,30,48,29.11,91.11,6.39,25.12,muskmelon
36,18,11,27.7,94.16,6.24,116.2,orange
22,39,18,29.31,64.13,3.8,70.07,mothbeans
2,40,20,28.94,80.46,7.42,56.05,mungbean
108,47,20,22.07,76.48,6.45,87.35,cotton
13,21,13,33.42,94.02,6.85,112.7,orange
27,17,34,32.12,48.64,6.77,92.09,mango
61,37,42,20.5,81.59,7.53,153.49,rice
76,47,21,25.86,74.68,6.65,80.89,maize
9,71,17,23.79,63.92,6.69,100.49,pigeonpeas
15,27,28,28.28,47.14,4.82,97.2,mango
47,67,81,20.48,17.42,6.09,92.93,chickpea
100,20,26,23.86,69.69,6.94,188.72,coffee
39,13,6,23.64,94.29,7.36,105.92,orange
20,26,29,29.08,46.36,5.09,89.66,mango
6,138,199,21.72,80.68,6.26,66.27,grapes
64,40,35,22.28,81.94,5.81,274.31,rice
89,92,45,26.01,84.59,6.42,97.85,banana
95,54,37,25.78,82.05,6.37,163.66,jute
88,87,49,27.08,79.69,6.05,93.02,banana
2,67,24,19.9,60.58,5.73,162.07,pigeonpeas
16,10,12,13.18,90.52,7.42,104.18,orange
51,77,85,20.15,15.89,8.06,78.13,chickpea
89,18,50,25.61,85.65,7.42,58.04,watermelon
3,69,21,25.83,62.56,6.73,51.87,lentil
63,47,45,26.08,89.24,7.56,193.74,jute
6,63,17,22.47,62.55,6.98,43.15,lentil
21,122,197,22.46,90.43,6.76,117.95,apple
111,32,34,27.7,61.6,6.47,148.88,coffee
24,54,20,27.68,86.67,6.12,46.05,mungbean
39,65,15,15.31,20.72,5.58,62.1,kidneybeans
88,38,42,24.12,70.58,6.83,171.68,jute
65,53,55,26.31,92.58,7.29,130.85,papaya
52,71,76,18.35,19.57,6.67,76.17,chickpea
36,25,8,23.63,91.12,6.89,109.68,orange
98,10,48,24.13,86.34,6.37,46.08,watermelon
107,24,50,29.68,94.68,7.21,26.36,muskmelon
95,48,24,25.19,74.96,6.03,98.36,maize
111,42,17,24.84,75.85,7.35,87.74,cotton
9,64,19,19.24,44.78,5.89,169.5,pigeonpeas
128,60,19,24.5,84.63,7.58,78.54,cotton
36,21,26,25.68,91.56,7.08,199.86,coconut
6,47,21,28.71,82.1,7.11,35.63,mungbean
34,60,24,22.23,67.23,6.64,53.12,lentil
90,24,35,24.87,65.22,6.91,182.43,coffee
17,38,21,31.51,56.54,3.96,45.96,mothbeans
89,37,40,26.31,79.02,6.3,199.25,jute
105,40,17,24.23,82.87,6.29,63.39,cotton
15,6,37,23.46,87.01,5.66,107.12,pomegranate
13,71,17,18.26,60.57,6.37,173.85,pigeonpeas
11,6,33,29.32,95.96,6.94,207.25,coconut
34,66,51,43.18,93.35,6.68,139.49,papaya
86,40,38,23.53,77.66,6.41,182.2,jute
12,29,26,28.72,49.07,7.31,93.53,mango
97,59,24,22.27,72.24,6.77,75.96,maize
74,53,40,24.88,80.23,7.27,183.0,jute
125,56,20,23.51,84.22,5.59,94.25,cotton
85,29,53,24.54,84.07,6.53,55.82,watermelon
23,74,20,18.22,30.36,5.57,191.88,pigeonpeas
84,35,26,25.98,56.85,6.45,169.35,coffee
22,18,42,19.63,93.64,6.12,110.41,pomegranate
111,23,31,26.58,67.78,7.67,166.71,coffee
4,41,18,29.43,88.75,6.45,56.47,mungbean
65,60,53,28.22,93.39,7.4,121.0,papaya
106,24,53,25.48,82.05,7.11,53.99,watermelon
17,69,22,30.64,36.87,6.0,135.32,pigeonpeas
95,17,45,26.91,87.16,6.48,46.37,watermelon
62,49,22,25.84,69.28,6.7,76.97,maize
32,24,31,29.21,46.09,6.88,90.19,mango
18,127,199,21.18,81.43,5.9,73.61,grapes
40,46,19,28.2,81.15,7.32,45.37,mungbean
82,57,22,25.26,68.18,6.54,102.46,maize
42,65,24,27.04,68.26,7.34,60.82,blackgram
9,125,197,23.33,91.14,6.29,111.29,apple
120,59,22,24.92,75.46,6.87,78.68,cotton
7,19,45,21.52,85.83,6.74,105.1,pomegranate
84,39,19,26.72,60.16,6.49,76.26,maize
25,29,10,30.44,92.54,6.99,118.61,orange
8,58,25,18.26,68.03,7.58,40.94,lentil
23,27,35,28.38,95.49,5.51,133.8,coconut
49,80,84,19.57,16.53,7.91,88.57,chickpea
39,59,84,20.4,18.01,7.39,77.35,chickpea
42,72,20,34.9,66.11,7.06,71.58,blackgram
32,78,24,35.28,50.86,7.43,173.3,pigeonpeas
68,40,15,22.25,66.3,5.6,98.78,maize
31,137,196,31.62,82.21,6.92,66.42,grapes
41,78,75,17.49,16.71,8.8,74.48,chickpea
112,20,53,28.0,94.16,6.41,25.46,muskmelon
9,60,22,21.84,65.06,6.33,54.19,lentil
32,58,82,17.25,17.06,8.99,89.42,chickpea
92,30,48,27.61,92.21,6.09,29.78,muskmelon
41,52,46,25.4,91.74,7.26,167.67,papaya
5,7,5,25.72,93.15,7.97,107.96,orange
33,63,16,28.67,60.99,7.65,74.49,blackgram
59,70,46,24.04,93.47,7.33,217.73,papaya
97,23,29,26.01,70.0,6.99,132.72,coffee
17,33,32,34.5,47.5,6.33,96.02,mango
19,14,9,33.22,94.55,7.43,117.69,orange
92,28,54,28.67,91.62,6.44,20.33,muskmelon
20,65,20,20.95,18.07,5.73,146.71,kidneybeans
16,122,196,28.09,83.0,6.13,69.32,grapes
43,62,47,31.81,90.94,6.51,243.71,papaya
22,69,21,18.2,69.6,6.09,37.86,lentil
25,120,202,23.51,92.0,6.17,121.28,apple
14,55,21,27.78,86.95,6.85,54.91,mungbean
95,50,42,20.14,84.85,7.5,181.85,rice
14,52,15,29.07,83.16,6.08,50.25,mungbean
1,15,15,12.52,92.12,6.61,118.1,orange
34,138,197,12.94,81.58,6.96,67.57,grapes
74,54,45,24.49,86.59,6.38,190.36,jute
23,142,200,23.84,91.07,5.61,122.29,apple
37,25,28,29.91,97.09,5.66,133.34,coconut
24,16,34,31.77,51.69,6.99,90.8,mango
117,32,30,23.46,65.81,6.15,120.83,coffee
15,24,10,27.6,91.3,7.88,110.6,orange
100,42,16,22.41,75.77,6.98,67.57,cotton
13,56,16,29.12,87.42,7.02,41.31,mungbean
7,49,18,28.25,83.77,7.31,57.63,mungbean
19,139,198,24.35,84.96,6.53,73.41,grapes
5,73,20,15.97,19.69,5.51,102.19,kidneybeans
17,50,16,27.26,81.72,6.78,40.35,mungbean
103,7,54,27.42,91.12,6.84,27.64,muskmelon
113,16,46,29.36,91.88,6.15,26.34,muskmelon
50,67,17,34.67,67.15,7.94,66.41,blackgram
17,134,198,32.49,83.22,6.0,72.55,grapes
33,63,50,41.92,91.56,7.07,145.16,papaya
17,25,42,20.98,88.34,6.13,111.61,pomegranate
118,18,52,25.23,83.55,6.61,48.18,watermelon
111,10,46,29.03,92.8,7.18,27.39,muskmelon
83,19,48,27.46,94.25,6.78,29.33,muskmelon
112,8,52,28.31,91.47,6.08,24.87,muskmelon
98,37,44,24.22,80.0,6.84,158.59,jute
39,122,201,22.88,92.69,6.49,102.9,apple
33,16,12,16.74,90.5,6.7,108.06,orange
91,8,46,24.87,86.14,7.21,57.99,watermelon
83,34,26,27.41,56.08,7.31,156.44,coffee
99,36,28,24.33,69.7,7.82,117.46,coffee
35,22,8,23.59,94.2,7.77,103.21,orange
118,75,54,28.52,79.54,6.31,115.49,banana
21,72,22,33.36,69.74,7.96,60.98,blackgram
1,138,204,23.39,92.92,6.51,124.75,apple
7,11,30,26.17,95.89,7.81,201.07,coconut
60,58,53,32.18,90.62,7.06,239.98,papaya
39,37,28,32.29,53.47,5.82,89.22,mango
113,82,50,26.52,76.82,5.63,111.42,banana
16,43,15,30.61,60.02,4.13,55.96,mothbeans
0,6,7,12.86,92.67,7.72,114.74,orange
45,69,51,30.23,93.13,7.41,97.54,papaya
107,44,23,24.63,80.81,6.82,93.74,cotton
66,41,37,21.31,81.43,5.52,284.51,rice
118,73,53,26.32,84.34,6.58,112.61,banana
36,37,19,24.8,40.41,7.47,57.11,mothbeans
5,66,17,26.4,67.59,6.21,45.12,lentil
115,27,54,28.63,93.23,6.82,20.51,muskmelon
8,19,32,27.66,94.34,6.47,209.96,coconut
88,80,50,26.77,78.21,6.95,109.25,banana
47,66,84,17.71,18.16,8.51,93.34,chickpea
25,75,21,16.47,23.68,5.82,94.93,kidneybeans
17,74,18,24.76,62.05,7.48,36.05,lentil
8,56,23,24.81,23.55,5.93,81.78,kidneybeans
102,22,33,26.36,69.41,6.51,156.29,coffee
85,89,54,29.74,78.69,5.7,105.55,banana
110,18,51,28.51,92.46,6.26,22.79,muskmelon
31,7,43,20.99,90.96,5.68,105.06,pomegranate
26,135,203,22.44,94.35,6.04,123.17,apple
38,6,32,29.79,98.62,5.92,161.05,coconut
22,57,23,24.99,61.87,6.38,38.68,lentil
52,58,53,43.62,92.06,7.26,60.95,papaya
34,58,16,27.08,41.78,4.76,40.32,mothbeans
36,73,17,28.67,63.91,7.96,74.32,blackgram
26,29,33,27.13,96.45,5.94,183.25,coconut
27,59,75,19.95,17.98,7.42,90.33,chickpea
70,45,43,24.97,87.78,6.69,168.47,jute
34,48,51,30.24,90.17,7.04,121.45,papaya
38,68,19,19.58,19.46,5.68,93.28,kidneybeans
32,80,23,25.08,53.63,6.48,98.63,pigeonpeas
10,12,11,19.95,93.37,6.11,102.48,orange
22,79,16,18.66,19.58,5.6,72.67,kidneybeans
15,143,199,22.62,92.23,6.35,111.76,apple
27,17,29,35.67,50.39,5.36,90.44,mango
95,16,49,29.4,92.62,6.86,28.53,muskmelon
85,46,36,24.96,86.27,6.2,153.48,jute
39,15,30,30.0,49.49,6.21,94.23,mango
113,15,46,24.18,80.51,6.57,46.74,watermelon
75,37,43,23.91,82.12,7.72,166.68,rice
97,44,42,24.77,83.1,6.68,166.13,jute
3,20,33,27.2,53.17,4.54,96.89,mango
39,71,23,30.87,53.73,4.66,140.02,pigeonpeas
2,74,19,23.22,23.95,5.61,119.16,kidneybeans
58,57,17,34.61,65.38,6.52,63.86,blackgram
55,68,20,26.07,66.5,7.8,72.42,blackgram
89,83,53,28.51,82.89,6.03,102.14,banana
20,67,21,29.35,65.8,7.08,36.01,lentil
6,55,19,17.95,21.4,5.79,63.94,kidneybeans
96,75,50,29.54,83.04,5.6,110.78,banana
24,135,197,12.2,84.9,6.09,67.27,grapes
21,64,19,32.91,61.57,5.42,190.52,pigeonpeas
11,77,16,25.88,69.07,6.34,54.37,lentil
5,26,39,22.62,89.71,5.9,109.03,pomegranate
110,50,20,25.13,78.09,7.11,95.29,cotton
52,70,84,17.82,14.67,6.81,66.71,chickpea
76,44,18,24.51,64.92,5.62,71.01,maize
32,145,198,22.8,94.69,5.75,117.94,apple
27,78,18,28.72,67.6,7.01,74.28,blackgram
1,121,202,21.95,93.98,6.15,111.32,apple
32,16,35,28.17,52.96,5.68,94.91,mango
89,81,51,28.85,76.04,6.94,116.71,banana
13,138,203,23.19,94.95,5.91,121.87,apple
107,49,25,23.16,82.94,6.73,61.59,cotton
86,39,44,26.68,84.57,6.11,152.32,rice
43,80,17,31.81,67.16,7.41,61.33,blackgram
100,28,50,28.46,92.89,7.03,21.07,muskmelon
86,24,50,26.35,87.46,6.91,53.73,watermelon
87,16,31,25.72,54.1,7.39,177.99,coffee
94,14,50,25.0,81.07,6.22,40.67,watermelon
94,54,37,26.07,70.25,6.43,153.26,jute
39,70,83,17.7,17.02,7.2,69.39,chickpea
62,49,36,26.98,87.95,6.04,192.93,jute
34,40,16,29.89,81.08,6.72,49.64,mungbean
8,128,200,19.25,83.77,5.99,66.38,grapes
97,59,38,23.85,71.61,7.12,150.68,jute
36,50,23,28.29,87.5,7.37,49.3,mungbean
39,132,202,22.11,90.92,6.16,104.14,apple
14,143,196,30.83,80.02,6.89,66.13,grapes
0,13,27,29.86,97.27,6.37,138.82,coconut
12,49,19,25.28,44.27,6.01,64.08,mothbeans
69,59,18,19.64,70.79,6.49,84.91,maize
31,30,28,27.06,91.66,6.01,195.87,coconut
32,10,37,22.73,89.05,7.36,101.34,pomegranate
66,38,36,23.46,74.81,6.61,198.08,jute
80,74,51,28.57,84.17,6.56,110.15,banana
32,74,20,19.2,60.66,6.25,176.02,pigeonpeas
44,72,19,32.01,64.11,7.26,60.11,blackgram
80,36,38,26.36,81.2,5.43,223.42,rice
28,61,16,20.98,30.08,6.66,170.56,pigeonpeas
3,28,35,33.24,45.71,5.07,98.26,mango
1,14,39,21.8,85.73,7.08,103.27,pomegranate
29,120,201,39.14,81.44,5.78,71.52,grapes
8,136,204,23.24,94.34,6.3,118.8,apple
20,71,20,29.46,69.67,7.36,72.95,blackgram
35,11,10,13.31,91.98,6.35,107.27,orange
84,42,21,21.68,66.04,6.15,74.72,maize
120,16,29,25.26,56.01,7.14,127.75,coffee
120,17,47,28.54,94.07,7.17,27.89,muskmelon
20,77,20,22.02,24.95,5.57,84.73,kidneybeans
28,124,198,35.56,84.74,5.7,69.98,grapes
17,55,23,19.24,48.97,6.18,159.13,pigeonpeas
101,15,32,25.12,60.22,6.43,161.9,coffee
5,22,7,31.44,90.29,6.43,119.97,orange
91,86,52,29.35,78.42,6.65,106.84,banana
35,25,30,27.44,45.02,5.23,97.17,mango
9,125,204,36.99,83.87,6.09,70.04,grapes
17,76,24,19.19,60.91,6.53,52.5,lentil
